Workbook

Sheet Resumen Ejecutivo
E2: =+'Base de Datos'!AB2 -> COMISIÓN FEDERAL DE ELECTRICIDAD | O2: Rev
E3: =+'Base de Datos'!AB3 -> COORDINACIÓN DE PROYECTOS DE ENERGÍAS LIMPIAS | O3: 3
E4: =+'Base de Datos'!AB4 -> GERENCIA DE CONSTRUCCIÓN | O4: =TODAY() -> 46325
E5: ESTADO DE TRÁMITES Y PERMISOS DE PROYECTOS MIXTOS, PRIMERA RONDA
C7: Socio | D7: Proyecto | E7: Municipio | F7: Estado | G7: Tipo | H7: Capacidad | I7: Fecha de inicio de inversión | J7: COD | K7: Avance en trámites y/o permisos | O7: Grupo de atención
K8: Parque | L8: LT | M8: Global
B9: 1 | C9: =+'Base de Datos'!C23 -> Cúbico | D9: =+'Base de Datos'!D23 -> Energías Renovables de Tamaulipas (Altamira) | E9: =+'Base de Datos'!E23 -> Altamira | F9: =+'Base de Datos'!F23 -> Tamaulipas | G9: =+'Base de Datos'!G23 -> Fotovoltaica | H9: =+'Base de Datos'!H23 -> 78 MW + 30% BESS | I9: =+'Base de Datos'!I23 -> 46388 | J9: =+'Base de Datos'!J23 -> 46935 | K9: =+'Base de Datos'!AD23 -> 0.94 | L9: =+'Base de Datos'!AE23 -> 0.93 | M9: =+'Base de Datos'!AG23 -> 0.938 | O9: =IF(K9>=85%,"A",IF(K9>=76%,"B","C")) -> A | R9: A | S9: =COUNTIFS($O$9:$O$48,R9) -> 7
B10: =1+B9 -> 2 | C10: =+'Base de Datos'!C34 -> Fisterra | D10: =+'Base de Datos'!D34 -> San Simón Solar | E10: =+'Base de Datos'!E34 -> San Quintín | F10: =+'Base de Datos'!F34 -> Baja California | G10: =+'Base de Datos'!G34 -> Fotovoltaica | H10: =+'Base de Datos'!H34 -> 80 MW + 30% BESS | I10: =+'Base de Datos'!I34 -> 46341 | J10: =+'Base de Datos'!J34 -> 47118 | K10: =+'Base de Datos'!AD34 -> 0.94 | L10: =+'Base de Datos'!AE34 -> 0.93 | M10: =+'Base de Datos'!AG34 -> 0.938 | O10: =IF(K10>=85%,"A",IF(K10>=76%,"B","C")) -> A | R10: B | S10: =COUNTIFS($O$9:$O$48,R10) -> 10
B11: =1+B10 -> 3 | C11: =+'Base de Datos'!C28 -> Elawan Wind Mexico III | D11: =+'Base de Datos'!D28 -> San Pedro Solar | E11: =+'Base de Datos'!E28 -> Huimalpan | F11: =+'Base de Datos'!F28 -> Querétaro | G11: =+'Base de Datos'!G28 -> Fotovoltaica | H11: =+'Base de Datos'!H28 -> 98.2 MW + 30% BESS | I11: =+'Base de Datos'!I28 -> 46447 | J11: =+'Base de Datos'!J28 -> 46843 | K11: =+'Base de Datos'!AD28 -> 0.915 | L11: =+'Base de Datos'!AE28 -> 0.86 | M11: =+'Base de Datos'!AG28 -> 0.904 | O11: =IF(K11>=85%,"A",IF(K11>=76%,"B","C")) -> A | R11: C | S11: =COUNTIFS($O$9:$O$48,R11) -> 23
B12: =1+B11 -> 4 | C12: =+'Base de Datos'!C14 -> Alten | D12: =+'Base de Datos'!D14 -> Global Solar 3 Campeche | E12: =+'Base de Datos'!E14 -> El Carmen | F12: =+'Base de Datos'!F14 -> Campeche | G12: =+'Base de Datos'!G14 -> Fotovoltaica | H12: =+'Base de Datos'!H14 -> 125 MW + 30.00% BESS | I12: =+'Base de Datos'!I14 -> 46388 | J12: =+'Base de Datos'!J14 -> 46935 | K12: =+'Base de Datos'!AD14 -> 0.875 | L12: =+'Base de Datos'!AE14 -> 0.8 | M12: =+'Base de Datos'!AG14 -> 0.86 | O12: =IF(K12>=85%,"A",IF(K12>=76%,"B","C")) -> A
B13: =1+B12 -> 5 | C13: =+'Base de Datos'!C42 -> Selka Power | D13: =+'Base de Datos'!D42 -> Selka Power Plant 1 | E13: =+'Base de Datos'!E42 -> Romita | F13: =+'Base de Datos'!F42 -> Guanajuato | G13: =+'Base de Datos'!G42 -> Fotovoltaica | H13: =+'Base de Datos'!H42 -> 141.4 MW + 30% BESS | I13: =+'Base de Datos'!I42 -> 46357 | J13: =+'Base de Datos'!J42 -> 46905 | K13: =+'Base de Datos'!AD42 -> 0.865 | L13: =+'Base de Datos'!AE42 -> 0.37 | M13: =+'Base de Datos'!AG42 -> 0.766 | O13: =IF(K13>=85%,"A",IF(K13>=76%,"B","C")) -> A
B14: =1+B13 -> 6 | C14: =+'Base de Datos'!C39 -> Polaris | D14: =+'Base de Datos'!D39 -> Don Humberto | E14: =+'Base de Datos'!E39 -> Culiacán | F14: =+'Base de Datos'!F39 -> Sinaloa | G14: =+'Base de Datos'!G39 -> Fotovoltaica | H14: =+'Base de Datos'!H39 -> 19.2 MW + 30% BESS | I14: =+'Base de Datos'!I39 -> 46327 | J14: =+'Base de Datos'!J39 -> 46844 | K14: =+'Base de Datos'!AD39 -> 0.86 | L14: =+'Base de Datos'!AE39 -> 0.77 | M14: =+'Base de Datos'!AG39 -> 0.842 | O14: =IF(K14>=85%,"A",IF(K14>=76%,"B","C")) -> A
B15: =1+B14 -> 7 | C15: =+'Base de Datos'!C47 -> Thermion | D15: =+'Base de Datos'!D47 -> Los Molinos | E15: =+'Base de Datos'!E47 -> Matamoros | F15: =+'Base de Datos'!F47 -> Tamaulipas | G15: =+'Base de Datos'!G47 -> Eólica | H15: =+'Base de Datos'!H47 -> 171 MW + 30% BESS | I15: =+'Base de Datos'!I47 -> 46371 | J15: =+'Base de Datos'!J47 -> 47088 | K15: =+'Base de Datos'!AD47 -> 0.855 | L15: =+'Base de Datos'!AE47 -> 0.855 | M15: =+'Base de Datos'!AG47 -> 0.855 | O15: =IF(K15>=85%,"A",IF(K15>=76%,"B","C")) -> A
B16: =1+B15 -> 8 | C16: =+'Base de Datos'!C32 -> Fisterra | D16: =+'Base de Datos'!D32 -> Haab Kiin | E16: =+'Base de Datos'!E32 -> Umán | F16: =+'Base de Datos'!F32 -> Yucatán | G16: =+'Base de Datos'!G32 -> Fotovoltaica | H16: =+'Base de Datos'!H32 -> 123.2 MW + 30% BESS | I16: =+'Base de Datos'!I32 -> 46356 | J16: =+'Base de Datos'!J32 -> 47208 | K16: =+'Base de Datos'!AD32 -> 0.84 | L16: =+'Base de Datos'!AE32 -> 0.735 | M16: =+'Base de Datos'!AG32 -> 0.819 | O16: =IF(K16>=85%,"A",IF(K16>=76%,"B","C")) -> B
B17: =1+B16 -> 9 | C17: =+'Base de Datos'!C17 -> Atlas Renewable Energy | D17: =+'Base de Datos'!D17 -> Concepción Mendizábal M. - Fase I | E17: =+'Base de Datos'!E17 -> Nava | F17: =+'Base de Datos'!F17 -> Coahuila | G17: =+'Base de Datos'!G17 -> Fotovoltaica | H17: =+'Base de Datos'!H17 -> 339 MW + 30.00% BESS | I17: =+'Base de Datos'!I17 -> 46478 | J17: =+'Base de Datos'!J17 -> 47209 | K17: =+'Base de Datos'!AD17 -> 0.8375 | L17: =+'Base de Datos'!AE17 -> 0.8375 | M17: =+'Base de Datos'!AG17 -> 0.8375 | O17: =IF(K17>=85%,"A",IF(K17>=76%,"B","C")) -> B
B18: =1+B17 -> 10 | C18: =+'Base de Datos'!C18 -> Atlas Renewable Energy | D18: =+'Base de Datos'!D18 -> Concepción Mendizábal M. - Fase II | E18: =+'Base de Datos'!E18 -> Nava | F18: =+'Base de Datos'!F18 -> Coahuila | G18: =+'Base de Datos'!G18 -> Fotovoltaica | H18: =+'Base de Datos'!H18 -> 180 MW + 30.00% BESS | I18: =+'Base de Datos'!I18 -> 46478 | J18: =+'Base de Datos'!J18 -> 47209 | K18: =+'Base de Datos'!AD18 -> 0.8375 | L18: =+'Base de Datos'!AE18 -> 0.8375 | M18: =+'Base de Datos'!AG18 -> 0.8375 | O18: =IF(K18>=85%,"A",IF(K18>=76%,"B","C")) -> B
B19: =1+B18 -> 11 | C19: =+'Base de Datos'!C45 -> Thermion | D19: =+'Base de Datos'!D45 -> Delaro (*) | E19: =+'Base de Datos'!E45 -> Reynosa | F19: =+'Base de Datos'!F45 -> Tamaulipas | G19: =+'Base de Datos'!G45 -> Eólica | H19: =+'Base de Datos'!H45 -> 117 MW + 30% BESS | I19: =+'Base de Datos'!I45 -> SIN DATO | J19: =+'Base de Datos'!J45 -> SIN DATO | K19: =+'Base de Datos'!AD45 -> 0.83 | L19: =+'Base de Datos'!AE45 -> 0.83 | M19: =+'Base de Datos'!AG45 -> 0.83 | O19: =IF(K19>=85%,"A",IF(K19>=76%,"B","C")) -> B
B20: =1+B19 -> 12 | C20: =+'Base de Datos'!C19 -> Atlas Renewable Energy | D20: =+'Base de Datos'!D19 -> Concepción Mendizábal M. - Fase III | E20: =+'Base de Datos'!E19 -> Nava | F20: =+'Base de Datos'!F19 -> Coahuila | G20: =+'Base de Datos'!G19 -> Fotovoltaica | H20: =+'Base de Datos'!H19 -> 339 MW + 30.00% BESS | I20: =+'Base de Datos'!I19 -> 46478 | J20: =+'Base de Datos'!J19 -> 47209 | K20: =+'Base de Datos'!AD19 -> 0.8275 | L20: =+'Base de Datos'!AE19 -> 0.8275 | M20: =+'Base de Datos'!AG19 -> 0.8275 | O20: =IF(K20>=85%,"A",IF(K20>=76%,"B","C")) -> B
B21: =1+B20 -> 13 | C21: =+'Base de Datos'!C37 -> Grupo ZML | D21: =+'Base de Datos'!D37 -> Álvaro Obregón | E21: =+'Base de Datos'!E37 -> La Paz | F21: =+'Base de Datos'!F37 -> Baja California Sur | G21: =+'Base de Datos'!G37 -> Fotovoltaica | H21: =+'Base de Datos'!H37 -> 90 MW + 100% BESS | I21: =+'Base de Datos'!I37 -> 46507 | J21: =+'Base de Datos'!J37 -> 47054 | K21: =+'Base de Datos'!AD37 -> 0.825 | L21: =+'Base de Datos'!AE37 -> 0.805 | M21: =+'Base de Datos'!AG37 -> 0.821 | O21: =IF(K21>=85%,"A",IF(K21>=76%,"B","C")) -> B
B22: =1+B21 -> 14 | C22: =+'Base de Datos'!C11 -> Actis | D22: =+'Base de Datos'!D11 -> PV Moquel Solar | E22: =+'Base de Datos'!E11 -> Champotón | F22: =+'Base de Datos'!F11 -> Campeche | G22: =+'Base de Datos'!G11 -> Fotovoltaica | H22: =+'Base de Datos'!H11 -> 75 MW + 34.08% BESS | I22: =+'Base de Datos'!I11 -> 46388 | J22: =+'Base de Datos'!J11 -> 46935 | K22: =+'Base de Datos'!AD11 -> 0.82 | L22: =+'Base de Datos'!AE11 -> 0.7 | M22: =+'Base de Datos'!AG11 -> 0.796 | O22: =IF(K22>=85%,"A",IF(K22>=76%,"B","C")) -> B
B23: =1+B22 -> 15 | C23: =+'Base de Datos'!C50 -> Thermion | D23: =+'Base de Datos'!D50 -> Sol de Sonora 70 | E23: =+'Base de Datos'!E50 -> Hermosillo | F23: =+'Base de Datos'!F50 -> Sonora | G23: =+'Base de Datos'!G50 -> Fotovoltaica | H23: =+'Base de Datos'!H50 -> 70 MW + 31.43% BESS | I23: =+'Base de Datos'!I50 -> 46357 | J23: =+'Base de Datos'!J50 -> 46844 | K23: =+'Base de Datos'!AD50 -> 0.82 | L23: =+'Base de Datos'!AE50 -> 0.82 | M23: =+'Base de Datos'!AG50 -> 0.82 | O23: =IF(K23>=85%,"A",IF(K23>=76%,"B","C")) -> B
B24: =1+B23 -> 16 | C24: =+'Base de Datos'!C12 -> Actis | D24: =+'Base de Datos'!D12 -> PV Sandom Solar | E24: =+'Base de Datos'!E12 -> Hopelchén | F24: =+'Base de Datos'!F12 -> Campeche | G24: =+'Base de Datos'!G12 -> Fotovoltaica | H24: =+'Base de Datos'!H12 -> 54 MW + 34.08% BESS | I24: =+'Base de Datos'!I12 -> 46478 | J24: =+'Base de Datos'!J12 -> 47057 | K24: =+'Base de Datos'!AD12 -> 0.8 | L24: =+'Base de Datos'!AE12 -> 0.555 | M24: =+'Base de Datos'!AG12 -> 0.751 | O24: =IF(K24>=85%,"A",IF(K24>=76%,"B","C")) -> B
B25: =1+B24 -> 17 | C25: =+'Base de Datos'!C15 -> Atlántica | D25: =+'Base de Datos'!D15 -> Dalia 3 (Castamay) | E25: =+'Base de Datos'!E15 -> Castamay | F25: =+'Base de Datos'!F15 -> Campeche | G25: =+'Base de Datos'!G15 -> Fotovoltaica | H25: =+'Base de Datos'!H15 -> 100 MW + 30% BESS | I25: =+'Base de Datos'!I15 -> 46447 | J25: =+'Base de Datos'!J15 -> 47118 | K25: =+'Base de Datos'!AD15 -> 0.79 | L25: =+'Base de Datos'!AE15 -> 0.535 | M25: =+'Base de Datos'!AG15 -> 0.739 | O25: =IF(K25>=85%,"A",IF(K25>=76%,"B","C")) -> B
B26: =1+B25 -> 18 | C26: =+'Base de Datos'!C24 -> Cúbico | D26: =+'Base de Datos'!D24 -> Energías Renovables De México Tres (Hecelchakan) | E26: =+'Base de Datos'!E24 -> Hecelchakán | F26: =+'Base de Datos'!F24 -> Campeche | G26: =+'Base de Datos'!G24 -> Fotovoltaica | H26: =+'Base de Datos'!H24 -> 72 MW + 30% BESS | I26: =+'Base de Datos'!I24 -> 46507 | J26: =+'Base de Datos'!J24 -> 47088 | K26: =+'Base de Datos'!AD24 -> 0.75 | L26: =+'Base de Datos'!AE24 -> 0.75 | M26: =+'Base de Datos'!AG24 -> 0.75 | O26: =IF(K26>=85%,"A",IF(K26>=76%,"B","C")) -> C
B27: =1+B26 -> 19 | C27: =+'Base de Datos'!C33 -> Fisterra | D27: =+'Base de Datos'!D33 -> Planta Solar Cerro Colorado | E27: =+'Base de Datos'!E33 -> Sayula de Alemán | F27: =+'Base de Datos'!F33 -> Veracruz | G27: =+'Base de Datos'!G33 -> Fotovoltaica | H27: =+'Base de Datos'!H33 -> 455.68 MW + 30% BESS | I27: =+'Base de Datos'!I33 -> 46356 | J27: =+'Base de Datos'!J33 -> 47360 | K27: =+'Base de Datos'!AD33 -> 0.75 | L27: =+'Base de Datos'!AE33 -> 0.585 | M27: =+'Base de Datos'!AG33 -> 0.717 | O27: =IF(K27>=85%,"A",IF(K27>=76%,"B","C")) -> C
B28: =1+B27 -> 20 | C28: =+'Base de Datos'!C26 -> Cúbico | D28: =+'Base de Datos'!D26 -> Energías Renovables Saas (Peto) | E28: =+'Base de Datos'!E26 -> Peto | F28: =+'Base de Datos'!F26 -> Yucatán | G28: =+'Base de Datos'!G26 -> Fotovoltaica | H28: =+'Base de Datos'!H26 -> 72 MW + 30% BESS | I28: =+'Base de Datos'!I26 -> 46507 | J28: =+'Base de Datos'!J26 -> 47058 | K28: =+'Base de Datos'!AD26 -> 0.74 | L28: =+'Base de Datos'!AE26 -> 0.64 | M28: =+'Base de Datos'!AG26 -> 0.72 | O28: =IF(K28>=85%,"A",IF(K28>=76%,"B","C")) -> C
B29: =1+B28 -> 21 | C29: =+'Base de Datos'!C27 -> Cúbico | D29: =+'Base de Datos'!D27 -> Energías Renovables Kiin (Tekax) | E29: =+'Base de Datos'!E27 -> Tekax | F29: =+'Base de Datos'!F27 -> Yucatán | G29: =+'Base de Datos'!G27 -> Fotovoltaica | H29: =+'Base de Datos'!H27 -> 56 MW + 30% BESS | I29: =+'Base de Datos'!I27 -> 46507 | J29: =+'Base de Datos'!J27 -> 47058 | K29: =+'Base de Datos'!AD27 -> 0.72 | L29: =+'Base de Datos'!AE27 -> 0.67 | M29: =+'Base de Datos'!AG27 -> 0.71 | O29: =IF(K29>=85%,"A",IF(K29>=76%,"B","C")) -> C
B30: =1+B29 -> 22 | C30: =+'Base de Datos'!C36 -> Grupo Pantera | D30: =+'Base de Datos'!D36 -> Solitario | E30: =+'Base de Datos'!E36 -> San Luis Río Colorado | F30: =+'Base de Datos'!F36 -> Sonora | G30: =+'Base de Datos'!G36 -> Fotovoltaica | H30: =+'Base de Datos'!H36 -> 200 MW + 32.5% BESS | I30: =+'Base de Datos'!I36 -> 46388 | J30: =+'Base de Datos'!J36 -> 47025 | K30: =+'Base de Datos'!AD36 -> 0.68 | L30: =+'Base de Datos'!AE36 -> 0.515 | M30: =+'Base de Datos'!AG36 -> 0.647 | O30: =IF(K30>=85%,"A",IF(K30>=76%,"B","C")) -> C
B31: =1+B30 -> 23 | C31: =+'Base de Datos'!C41 -> Polaris | D31: =+'Base de Datos'!D41 -> Tres Hermanos | E31: =+'Base de Datos'!E41 -> Huamantla / Xaloztoc | F31: =+'Base de Datos'!F41 -> Tlaxcala | G31: =+'Base de Datos'!G41 -> Fotovoltaica | H31: =+'Base de Datos'!H41 -> 75 MW + 30% BESS | I31: =+'Base de Datos'!I41 -> 46447 | J31: =+'Base de Datos'!J41 -> 47088 | K31: =+'Base de Datos'!AD41 -> 0.655 | L31: =+'Base de Datos'!AE41 -> 0.43 | M31: =+'Base de Datos'!AG41 -> 0.61 | O31: =IF(K31>=85%,"A",IF(K31>=76%,"B","C")) -> C
B32: =1+B31 -> 24 | C32: =+'Base de Datos'!C40 -> Polaris | D32: =+'Base de Datos'!D40 -> Los Girasoles | E32: =+'Base de Datos'!E40 -> José María Morelos | F32: =+'Base de Datos'!F40 -> Quintana Roo | G32: =+'Base de Datos'!G40 -> Fotovoltaica | H32: =+'Base de Datos'!H40 -> 110 MW + 30% BESS | I32: =+'Base de Datos'!I40 -> 46447 | J32: =+'Base de Datos'!J40 -> 47085 | K32: =+'Base de Datos'!AD40 -> 0.64 | L32: =+'Base de Datos'!AE40 -> 0.64 | M32: =+'Base de Datos'!AG40 -> 0.64 | O32: =IF(K32>=85%,"A",IF(K32>=76%,"B","C")) -> C
B33: =1+B32 -> 25 | C33: =+'Base de Datos'!C16 -> Atlántica | D33: =+'Base de Datos'!D16 -> Fresnillo (PV Atocha) | E33: =+'Base de Datos'!E16 -> Fresnillo | F33: =+'Base de Datos'!F16 -> Zacatecas | G33: =+'Base de Datos'!G16 -> Fotovoltaica | H33: =+'Base de Datos'!H16 -> 100 MW + 30% BESS | I33: =+'Base de Datos'!I16 -> 46447 | J33: =+'Base de Datos'!J16 -> 47118 | K33: =+'Base de Datos'!AD16 -> 0.625 | L33: =+'Base de Datos'!AE16 -> 0.41 | M33: =+'Base de Datos'!AG16 -> 0.582 | O33: =IF(K33>=85%,"A",IF(K33>=76%,"B","C")) -> C
B34: =1+B33 -> 26 | C34: =+'Base de Datos'!C13 -> Actis | D34: =+'Base de Datos'!D13 -> Viento de Bella Unión | E34: =+'Base de Datos'!E13 -> Arteaga | F34: =+'Base de Datos'!F13 -> Coahuila | G34: =+'Base de Datos'!G13 -> Fotovoltaica | H34: =+'Base de Datos'!H13 -> 120 MW + 34.08% BESS | I34: =+'Base de Datos'!I13 -> 46507 | J34: =+'Base de Datos'!J13 -> 47057 | K34: =+'Base de Datos'!AD13 -> 0.6 | L34: =+'Base de Datos'!AE13 -> 0.645 | M34: =+'Base de Datos'!AG13 -> 0.609 | O34: =IF(K34>=85%,"A",IF(K34>=76%,"B","C")) -> C
B35: =1+B34 -> 27 | C35: =+'Base de Datos'!C49 -> Thermion | D35: =+'Base de Datos'!D49 -> Santa Gertrudis | E35: =+'Base de Datos'!E49 -> Méndez | F35: =+'Base de Datos'!F49 -> Tamaulipas | G35: =+'Base de Datos'!G49 -> Eólica | H35: =+'Base de Datos'!H49 -> 503 MW + 30% BESS | I35: =+'Base de Datos'!I49 -> 46376 | J35: =+'Base de Datos'!J49 -> 47088 | K35: =+'Base de Datos'!AD49 -> 0.555 | L35: =+'Base de Datos'!AE49 -> 0.275 | M35: =+'Base de Datos'!AG49 -> 0.499 | O35: =IF(K35>=85%,"A",IF(K35>=76%,"B","C")) -> C
B36: =1+B35 -> 28 | C36: =+'Base de Datos'!C35 -> Grupo Pantera | D36: =+'Base de Datos'!D35 -> La Noria | E36: =+'Base de Datos'!E35 -> Villa Unión | F36: =+'Base de Datos'!F35 -> Coahuila | G36: =+'Base de Datos'!G35 -> Eólica | H36: =+'Base de Datos'!H35 -> 301.5 MW + 30% BESS | I36: =+'Base de Datos'!I35 -> 46478 | J36: =+'Base de Datos'!J35 -> 47209 | K36: =+'Base de Datos'!AD35 -> 0.54 | L36: =+'Base de Datos'!AE35 -> 0.44 | M36: =+'Base de Datos'!AG35 -> 0.52 | O36: =IF(K36>=85%,"A",IF(K36>=76%,"B","C")) -> C
B37: =1+B36 -> 29 | C37: =+'Base de Datos'!C22 -> CSQB Energy | D37: =+'Base de Datos'!D22 -> Sunora (**) | E37: =+'Base de Datos'!E22 -> Hermosillo | F37: =+'Base de Datos'!F22 -> Sonora | G37: =+'Base de Datos'!G22 -> Fotovoltaica | H37: =+'Base de Datos'!H22 -> 300 MW + 30% BESS | I37: =+'Base de Datos'!I22 -> 46507 | J37: =+'Base de Datos'!J22 -> 47238 | K37: =+'Base de Datos'!AD22 -> 0.49 | L37: =+'Base de Datos'!AE22 -> 0.54 | M37: =+'Base de Datos'!AG22 -> 0.5 | O37: =IF(K37>=85%,"A",IF(K37>=76%,"B","C")) -> C
B38: =1+B37 -> 30 | C38: =+'Base de Datos'!C48 -> Thermion | D38: =+'Base de Datos'!D48 -> Montecristo | E38: =+'Base de Datos'!E48 -> Méndez | F38: =+'Base de Datos'!F48 -> Tamaulipas | G38: =+'Base de Datos'!G48 -> Eólica | H38: =+'Base de Datos'!H48 -> 510 MW + 30% BESS | I38: =+'Base de Datos'!I48 -> 46376 | J38: =+'Base de Datos'!J48 -> 47088 | K38: =+'Base de Datos'!AD48 -> 0.44 | L38: =+'Base de Datos'!AE48 -> 0.25 | M38: =+'Base de Datos'!AG48 -> 0.402 | O38: =IF(K38>=85%,"A",IF(K38>=76%,"B","C")) -> C
B39: =1+B38 -> 31 | C39: =+'Base de Datos'!C38 -> MIP Freeman Energy | D39: =+'Base de Datos'!D38 -> CFV Las Garzas (**) | E39: =+'Base de Datos'!E38 -> Lerdo | F39: =+'Base de Datos'!F38 -> Durango | G39: =+'Base de Datos'!G38 -> Fotovoltaica | H39: =+'Base de Datos'!H38 -> 270 MW + 30% BESS | I39: =+'Base de Datos'!I38 -> 46477 | J39: =+'Base de Datos'!J38 -> 47302 | K39: =+'Base de Datos'!AD38 -> 0.44 | L39: =+'Base de Datos'!AE38 -> 0.255 | M39: =+'Base de Datos'!AG38 -> 0.403 | O39: =IF(K39>=85%,"A",IF(K39>=76%,"B","C")) -> C
B40: =1+B39 -> 32 | C40: =+'Base de Datos'!C25 -> Cúbico | D40: =+'Base de Datos'!D25 -> Energía Limpia el Mezquite | E40: =+'Base de Datos'!E25 -> Mina | F40: =+'Base de Datos'!F25 -> Nuevo León | G40: =+'Base de Datos'!G25 -> Eólica | H40: =+'Base de Datos'!H25 -> 300 MW + 30% BESS | I40: =+'Base de Datos'!I25 -> 46507 | J40: =+'Base de Datos'!J25 -> 47300 | K40: =+'Base de Datos'!AD25 -> 0.4 | L40: =+'Base de Datos'!AE25 -> 0.34 | M40: =+'Base de Datos'!AG25 -> 0.388 | O40: =IF(K40>=85%,"A",IF(K40>=76%,"B","C")) -> C
B41: =1+B40 -> 33 | C41: =+'Base de Datos'!C43 -> SuKarne | D41: =+'Base de Datos'!D43 -> CFV Quasara | E41: =+'Base de Datos'!E43 -> Mexicali | F41: =+'Base de Datos'!F43 -> Baja California | G41: =+'Base de Datos'!G43 -> Fotovoltaica | H41: =+'Base de Datos'!H43 -> 150 MW + 30% BESS | I41: =+'Base de Datos'!I43 -> 46447 | J41: =+'Base de Datos'!J43 -> 47119 | K41: =+'Base de Datos'!AD43 -> 0.355 | L41: =+'Base de Datos'!AE43 -> 0.35 | M41: =+'Base de Datos'!AG43 -> 0.354 | O41: =IF(K41>=85%,"A",IF(K41>=76%,"B","C")) -> C
B42: =1+B41 -> 34 | C42: =+'Base de Datos'!C21 -> CSQB Energy | D42: =+'Base de Datos'!D21 -> La Poza Solar (**) | E42: =+'Base de Datos'!E21 -> Hermosillo | F42: =+'Base de Datos'!F21 -> Sonora | G42: =+'Base de Datos'!G21 -> Fotovoltaica | H42: =+'Base de Datos'!H21 -> 300 MW + 30% BESS | I42: =+'Base de Datos'!I21 -> 46507 | J42: =+'Base de Datos'!J21 -> 47238 | K42: =+'Base de Datos'!AD21 -> 0.35 | L42: =+'Base de Datos'!AE21 -> 0.35 | M42: =+'Base de Datos'!AG21 -> 0.35 | O42: =IF(K42>=85%,"A",IF(K42>=76%,"B","C")) -> C
B43: =1+B42 -> 35 | C43: =+'Base de Datos'!C20 -> CSQB Energy | D43: =+'Base de Datos'!D20 -> Cimarrón Solar (**) | E43: =+'Base de Datos'!E20 -> Hermosillo | F43: =+'Base de Datos'!F20 -> Sonora | G43: =+'Base de Datos'!G20 -> Fotovoltaica | H43: =+'Base de Datos'!H20 -> 300 MW + 30% BESS | I43: =+'Base de Datos'!I20 -> 46507 | J43: =+'Base de Datos'!J20 -> 47238 | K43: =+'Base de Datos'!AD20 -> 0.35 | L43: =+'Base de Datos'!AE20 -> 0.4 | M43: =+'Base de Datos'!AG20 -> 0.36 | O43: =IF(K43>=85%,"A",IF(K43>=76%,"B","C")) -> C
B44: =1+B43 -> 36 | C44: =+'Base de Datos'!C46 -> Thermion | D44: =+'Base de Datos'!D46 -> El Guajillo | E44: =+'Base de Datos'!E46 -> Reynosa | F44: =+'Base de Datos'!F46 -> Tamaulipas | G44: =+'Base de Datos'!G46 -> Eólica | H44: =+'Base de Datos'!H46 -> 468 MW + 30% BESS | I44: =+'Base de Datos'!I46 -> 46376 | J44: =+'Base de Datos'!J46 -> 47088 | K44: =+'Base de Datos'!AD46 -> 0.335 | L44: =+'Base de Datos'!AE46 -> 0.25 | M44: =+'Base de Datos'!AG46 -> 0.318 | O44: =IF(K44>=85%,"A",IF(K44>=76%,"B","C")) -> C
B45: =1+B44 -> 37 | C45: =+'Base de Datos'!C29 -> Eléctrica Aselco | D45: =+'Base de Datos'!D29 -> El Palmar | E45: =+'Base de Datos'!E29 -> Los Cabos | F45: =+'Base de Datos'!F29 -> Baja California Sur | G45: =+'Base de Datos'!G29 -> Fotovoltaica | H45: =+'Base de Datos'!H29 -> 120 MW + 30% BESS | I45: =+'Base de Datos'!I29 -> 46452 | J45: =+'Base de Datos'!J29 -> 47238 | K45: =+'Base de Datos'!AD29 -> 0.305 | L45: =+'Base de Datos'!AE29 -> 0.255 | M45: =+'Base de Datos'!AG29 -> 0.295 | O45: =IF(K45>=85%,"A",IF(K45>=76%,"B","C")) -> C
B46: =1+B45 -> 38 | C46: =+'Base de Datos'!C31 -> Eléctrica Aselco | D46: =+'Base de Datos'!D31 -> Tikinmul | E46: =+'Base de Datos'!E31 -> Tikinmul | F46: =+'Base de Datos'!F31 -> Campeche | G46: =+'Base de Datos'!G31 -> Fotovoltaica | H46: =+'Base de Datos'!H31 -> 170 MW + 30% BESS | I46: =+'Base de Datos'!I31 -> 46461 | J46: =+'Base de Datos'!J31 -> 47238 | K46: =+'Base de Datos'!AD31 -> 0.3 | L46: =+'Base de Datos'!AE31 -> 0.16 | M46: =+'Base de Datos'!AG31 -> 0.272 | O46: =IF(K46>=85%,"A",IF(K46>=76%,"B","C")) -> C
B47: =1+B46 -> 39 | C47: =+'Base de Datos'!C30 -> Eléctrica Aselco | D47: =+'Base de Datos'!D30 -> La Pasión | E47: =+'Base de Datos'!E30 -> La Paz | F47: =+'Base de Datos'!F30 -> Baja California Sur | G47: =+'Base de Datos'!G30 -> Fotovoltaica | H47: =+'Base de Datos'!H30 -> 66 MW + 30% BESS | I47: =+'Base de Datos'!I30 -> 46461 | J47: =+'Base de Datos'!J30 -> 47057 | K47: =+'Base de Datos'!AD30 -> 0.295 | L47: =+'Base de Datos'!AE30 -> 0.28 | M47: =+'Base de Datos'!AG30 -> 0.292 | O47: =IF(K47>=85%,"A",IF(K47>=76%,"B","C")) -> C
B48: =1+B47 -> 40 | C48: =+'Base de Datos'!C44 -> Enhol & GEMEX [Terralia] | D48: =+'Base de Datos'!D44 -> Sierra Madre (El Chorro) (*) | E48: =+'Base de Datos'!E44 -> Villa de Casas y Güemes | F48: =+'Base de Datos'!F44 -> Tamaulipas | G48: =+'Base de Datos'!G44 -> Eólica | H48: =+'Base de Datos'!H44 -> 580 MW + 30% BESS | I48: =+'Base de Datos'!I44 -> SIN DATO | J48: =+'Base de Datos'!J44 -> SIN DATO | K48: =+'Base de Datos'!AD44 -> 0.03 | L48: =+'Base de Datos'!AE44 -> 0 | M48: =+'Base de Datos'!AG44 -> 0.024 | O48: =IF(K48>=85%,"A",IF(K48>=76%,"B","C")) -> C
F50: AVANCE GLOBAL | K50: =AVERAGE(K9:K48) -> 0.6455625 | L50: =AVERAGE(L9:L48) -> 0.5606875 | M50: =AVERAGE(M9:M48) -> 0.6285875
C71: NOTAS Y SIMBOLOGÍA
C72: Premisis y supuestos de análisis | D72: Se analizan por separado el Parque y la LT | E72: Trámites y/o Permisos que se incluyen en el presenta análisis | F72: Tenencia de la tierra (pondera 10%)
D73: Parque (pondera 80%) | F73: Estudios de Interconexión (pondera 10%)
D74: LT (pondera 20%) | F74: Manifestación de Impacto Ambientyal (ponedra 20%)
C75: Código de colores | D75: Verde: De un 85.00% a un 100% | F75: Estudio Técnico Justificativo (pondera 10%)
D76: Amarillo: De un 76.00% a un 84.99% | F76: Manifestación de Impacto Social (pondera 20%)
D77: Rojo: Debajo de 75.99% | F77: Consulta Indígena (pondera 10%)
C78: (*) | D78: Proyecto en segunda ronda de Proyectos Mixtos | F78: Instituto Nacional de Antropología e Historia (pondera 5%)
C79: (**) | D79: Proyecto que no puede ser ingresado al SEN sin que entren obras de refuerzo por un tercero; según CENACE | F79: Comisión Nacional del Agua (pondera 5%)
F80: Petroleos Mexicanos (5%)
F81: Asgencia Federal de Aviación Civil (pondera 5%)
K85: 1 | L85: 1 | M85: 1
K86: 0 | L86: 0 | M86: 0

Sheet Proyectos ok
E2: =+'Base de Datos'!AB2 -> COMISIÓN FEDERAL DE ELECTRICIDAD | V2: Rev
E3: =+'Base de Datos'!AB3 -> COORDINACIÓN DE PROYECTOS DE ENERGÍAS LIMPIAS | V3: 3
E4: =+'Base de Datos'!AB4 -> GERENCIA DE CONSTRUCCIÓN | V4: =TODAY() -> 46325
E5: ESTADO DE TRÁMITES Y PERMISOS DE PROYECTOS MIXTOS, PRIMERA RONDA
C7: Socio | D7: Proyecto | E7: Municipio | F7: Estado | G7: Tipo | H7: Capacidad | I7: Fecha de Inicio de inversión | J7: COD | K7: Trámites y Permisos del Parque | V7: Grupo de Atención
K8: Derechos inmobiliarios | L8: Estudios Interconexión | M8: MIA / DTU | N8: ETJ | O8: MISSE / EVIS | P8: Consulta Indígena | Q8: PEMEX | R8: INAH | S8: CONAGUA | T8: AFAC
B9: 1 | C9: ='Resumen Ejecutivo'!C9 -> Cúbico | D9: ='Resumen Ejecutivo'!D9 -> Energías Renovables de Tamaulipas (Altamira) | E9: ='Resumen Ejecutivo'!E9 -> Altamira | F9: ='Resumen Ejecutivo'!F9 -> Tamaulipas | G9: ='Resumen Ejecutivo'!G9 -> Fotovoltaica | H9: ='Resumen Ejecutivo'!H9 -> 78 MW + 30% BESS | I9: ='Resumen Ejecutivo'!I9 -> 46388 | J9: ='Resumen Ejecutivo'!J9 -> 46935 | K9: =VLOOKUP(D9,CAPEX!$E$2:$BQ$41,48,FALSE) -> Liberado | L9: =VLOOKUP(D9,CAPEX!$E$2:$BQ$41,50,FALSE) -> Liberado | M9: =VLOOKUP(D9,CAPEX!$E$2:$BQ$41,51,FALSE) -> Liberado | N9: =VLOOKUP(D9,CAPEX!$E$2:$BQ$41,53,FALSE) -> En evaluación | O9: =VLOOKUP(D9,CAPEX!$E$2:$BQ$41,55,FALSE) -> Liberado | P9: =VLOOKUP(D9,CAPEX!$E$2:$BQ$41,57,FALSE) -> N/A | Q9: =VLOOKUP(D9,CAPEX!$E$2:$BQ$41,60,FALSE) -> En evaluación | R9: =VLOOKUP(D9,CAPEX!$E$2:$BQ$41,58,FALSE) -> Liberado | S9: =VLOOKUP(D9,CAPEX!$E$2:$BQ$41,62,FALSE) -> Liberado | T9: =VLOOKUP(D9,CAPEX!$E$2:$BQ$41,64,FALSE) -> En elaboración | V9: ='Resumen Ejecutivo'!O9 -> A | Y9: A | Z9: ='Resumen Ejecutivo'!S9 -> 7
B10: 2 | C10: ='Resumen Ejecutivo'!C10 -> Fisterra | D10: ='Resumen Ejecutivo'!D10 -> San Simón Solar | E10: San Quintin | F10: Baja California | G10: Fotovoltaico | H10: ='Resumen Ejecutivo'!H10 -> 80 MW + 30% BESS | I10: ='Resumen Ejecutivo'!I10 -> 46341 | J10: ='Resumen Ejecutivo'!J10 -> 47118 | K10: =VLOOKUP(D10,CAPEX!$E$2:$BQ$41,48,FALSE) -> Liberado | L10: =VLOOKUP(D10,CAPEX!$E$2:$BQ$41,50,FALSE) -> Liberado | M10: =VLOOKUP(D10,CAPEX!$E$2:$BQ$41,51,FALSE) -> Liberado | N10: =VLOOKUP(D10,CAPEX!$E$2:$BQ$41,53,FALSE) -> N/A | O10: =VLOOKUP(D10,CAPEX!$E$2:$BQ$41,55,FALSE) -> Liberado | P10: =VLOOKUP(D10,CAPEX!$E$2:$BQ$41,57,FALSE) -> N/A | Q10: =VLOOKUP(D10,CAPEX!$E$2:$BQ$41,60,FALSE) -> En evaluación | R10: =VLOOKUP(D10,CAPEX!$E$2:$BQ$41,58,FALSE) -> Liberado | S10: =VLOOKUP(D10,CAPEX!$E$2:$BQ$41,62,FALSE) -> Liberado | T10: =VLOOKUP(D10,CAPEX!$E$2:$BQ$41,64,FALSE) -> En evaluación | V10: ='Resumen Ejecutivo'!O10 -> A | Y10: B | Z10: ='Resumen Ejecutivo'!S10 -> 10
B11: 3 | C11: ='Resumen Ejecutivo'!C11 -> Elawan Wind Mexico III | D11: ='Resumen Ejecutivo'!D11 -> San Pedro Solar | E11: Huimilpan y Corregidora | F11: Querétaro | G11: Fotovoltaico | H11: ='Resumen Ejecutivo'!H11 -> 98.2 MW + 30% BESS | I11: ='Resumen Ejecutivo'!I11 -> 46447 | J11: ='Resumen Ejecutivo'!J11 -> 46843 | K11: =VLOOKUP(D11,CAPEX!$E$2:$BQ$41,48,FALSE) -> En actualización | L11: =VLOOKUP(D11,CAPEX!$E$2:$BQ$41,50,FALSE) -> Liberado | M11: =VLOOKUP(D11,CAPEX!$E$2:$BQ$41,51,FALSE) -> En evaluación | N11: =VLOOKUP(D11,CAPEX!$E$2:$BQ$41,53,FALSE) -> N/A | O11: =VLOOKUP(D11,CAPEX!$E$2:$BQ$41,55,FALSE) -> En evaluación | P11: =VLOOKUP(D11,CAPEX!$E$2:$BQ$41,57,FALSE) -> N/A | Q11: =VLOOKUP(D11,CAPEX!$E$2:$BQ$41,60,FALSE) -> Liberado | R11: =VLOOKUP(D11,CAPEX!$E$2:$BQ$41,58,FALSE) -> Liberado | S11: =VLOOKUP(D11,CAPEX!$E$2:$BQ$41,62,FALSE) -> En evaluación | T11: =VLOOKUP(D11,CAPEX!$E$2:$BQ$41,64,FALSE) -> En evaluación | V11: ='Resumen Ejecutivo'!O11 -> A | Y11: C | Z11: ='Resumen Ejecutivo'!S11 -> 23
B12: 4 | C12: ='Resumen Ejecutivo'!C12 -> Alten | D12: ='Resumen Ejecutivo'!D12 -> Global Solar 3 Campeche | E12: El Carmen | F12: Campeche | G12: Fotovoltaico | H12: ='Resumen Ejecutivo'!H12 -> 125 MW + 30.00% BESS | I12: ='Resumen Ejecutivo'!I12 -> 46388 | J12: ='Resumen Ejecutivo'!J12 -> 46935 | K12: =VLOOKUP(D12,CAPEX!$E$2:$BQ$41,48,FALSE) -> Liberado | L12: =VLOOKUP(D12,CAPEX!$E$2:$BQ$41,50,FALSE) -> Liberado | M12: =VLOOKUP(D12,CAPEX!$E$2:$BQ$41,51,FALSE) -> En evaluación | N12: =VLOOKUP(D12,CAPEX!$E$2:$BQ$41,53,FALSE) -> En evaluación | O12: =VLOOKUP(D12,CAPEX!$E$2:$BQ$41,55,FALSE) -> Liberado | P12: =VLOOKUP(D12,CAPEX!$E$2:$BQ$41,57,FALSE) -> Iniciada | Q12: =VLOOKUP(D12,CAPEX!$E$2:$BQ$41,60,FALSE) -> Liberado | R12: =VLOOKUP(D12,CAPEX!$E$2:$BQ$41,58,FALSE) -> En evaluación | S12: =VLOOKUP(D12,CAPEX!$E$2:$BQ$41,62,FALSE) -> Liberado | T12: =VLOOKUP(D12,CAPEX!$E$2:$BQ$41,64,FALSE) -> En evaluación | V12: ='Resumen Ejecutivo'!O12 -> A
B13: 5 | C13: ='Resumen Ejecutivo'!C13 -> Selka Power | D13: ='Resumen Ejecutivo'!D13 -> Selka Power Plant 1 | E13: Romita | F13: Guanajuato | G13: Fotovoltaico | H13: ='Resumen Ejecutivo'!H13 -> 141.4 MW + 30% BESS | I13: ='Resumen Ejecutivo'!I13 -> 46357 | J13: ='Resumen Ejecutivo'!J13 -> 46905 | K13: =VLOOKUP(D13,CAPEX!$E$2:$BQ$41,48,FALSE) -> En actualización | L13: =VLOOKUP(D13,CAPEX!$E$2:$BQ$41,50,FALSE) -> Liberado | M13: =VLOOKUP(D13,CAPEX!$E$2:$BQ$41,51,FALSE) -> En evaluación | N13: =VLOOKUP(D13,CAPEX!$E$2:$BQ$41,53,FALSE) -> N/A | O13: =VLOOKUP(D13,CAPEX!$E$2:$BQ$41,55,FALSE) -> En evaluación | P13: =VLOOKUP(D13,CAPEX!$E$2:$BQ$41,57,FALSE) -> N/A | Q13: =VLOOKUP(D13,CAPEX!$E$2:$BQ$41,60,FALSE) -> Liberado | R13: =VLOOKUP(D13,CAPEX!$E$2:$BQ$41,58,FALSE) -> Liberado | S13: =VLOOKUP(D13,CAPEX!$E$2:$BQ$41,62,FALSE) -> En evaluación | T13: =VLOOKUP(D13,CAPEX!$E$2:$BQ$41,64,FALSE) -> En elaboración | V13: ='Resumen Ejecutivo'!O13 -> A
B14: 6 | C14: ='Resumen Ejecutivo'!C14 -> Polaris | D14: ='Resumen Ejecutivo'!D14 -> Don Humberto | E14: Culiacán | F14: Sinaloa | G14: Fotovoltaico | H14: ='Resumen Ejecutivo'!H14 -> 19.2 MW + 30% BESS | I14: ='Resumen Ejecutivo'!I14 -> 46327 | J14: ='Resumen Ejecutivo'!J14 -> 46844 | K14: =VLOOKUP(D14,CAPEX!$E$2:$BQ$41,48,FALSE) -> En actualización | L14: =VLOOKUP(D14,CAPEX!$E$2:$BQ$41,50,FALSE) -> Liberado | M14: =VLOOKUP(D14,CAPEX!$E$2:$BQ$41,51,FALSE) -> En evaluación | N14: =VLOOKUP(D14,CAPEX!$E$2:$BQ$41,53,FALSE) -> N/A | O14: =VLOOKUP(D14,CAPEX!$E$2:$BQ$41,55,FALSE) -> Liberado | P14: =VLOOKUP(D14,CAPEX!$E$2:$BQ$41,57,FALSE) -> N/A | Q14: =VLOOKUP(D14,CAPEX!$E$2:$BQ$41,60,FALSE) -> Liberado | R14: =VLOOKUP(D14,CAPEX!$E$2:$BQ$41,58,FALSE) -> En actualización | S14: =VLOOKUP(D14,CAPEX!$E$2:$BQ$41,62,FALSE) -> En elaboración | T14: =VLOOKUP(D14,CAPEX!$E$2:$BQ$41,64,FALSE) -> En evaluación | V14: ='Resumen Ejecutivo'!O14 -> A
B15: 7 | C15: ='Resumen Ejecutivo'!C15 -> Thermion | D15: ='Resumen Ejecutivo'!D15 -> Los Molinos | E15: Matamoros | F15: Tamaulipas | G15: Eólico | H15: ='Resumen Ejecutivo'!H15 -> 171 MW + 30% BESS | I15: ='Resumen Ejecutivo'!I15 -> 46371 | J15: ='Resumen Ejecutivo'!J15 -> 47088 | K15: =VLOOKUP(D15,CAPEX!$E$2:$BQ$41,48,FALSE) -> Liberado | L15: =VLOOKUP(D15,CAPEX!$E$2:$BQ$41,50,FALSE) -> En actualización | M15: =VLOOKUP(D15,CAPEX!$E$2:$BQ$41,51,FALSE) -> En actualización | N15: =VLOOKUP(D15,CAPEX!$E$2:$BQ$41,53,FALSE) -> En evaluación | O15: =VLOOKUP(D15,CAPEX!$E$2:$BQ$41,55,FALSE) -> En elaboración | P15: =VLOOKUP(D15,CAPEX!$E$2:$BQ$41,57,FALSE) -> N/A | Q15: =VLOOKUP(D15,CAPEX!$E$2:$BQ$41,60,FALSE) -> Liberado | R15: =VLOOKUP(D15,CAPEX!$E$2:$BQ$41,58,FALSE) -> En evaluación | S15: =VLOOKUP(D15,CAPEX!$E$2:$BQ$41,62,FALSE) -> En evaluación | T15: =VLOOKUP(D15,CAPEX!$E$2:$BQ$41,64,FALSE) -> En evaluación | V15: ='Resumen Ejecutivo'!O15 -> A
B16: 8 | C16: ='Resumen Ejecutivo'!C16 -> Fisterra | D16: ='Resumen Ejecutivo'!D16 -> Haab Kiin | E16: Úman | F16: Yucatán | G16: Fotovoltaico | H16: ='Resumen Ejecutivo'!H16 -> 123.2 MW + 30% BESS | I16: ='Resumen Ejecutivo'!I16 -> 46356 | J16: ='Resumen Ejecutivo'!J16 -> 47208 | K16: =VLOOKUP(D16,CAPEX!$E$2:$BQ$41,48,FALSE) -> Liberado | L16: =VLOOKUP(D16,CAPEX!$E$2:$BQ$41,50,FALSE) -> Liberado | M16: =VLOOKUP(D16,CAPEX!$E$2:$BQ$41,51,FALSE) -> En evaluación | N16: =VLOOKUP(D16,CAPEX!$E$2:$BQ$41,53,FALSE) -> En elaboración | O16: =VLOOKUP(D16,CAPEX!$E$2:$BQ$41,55,FALSE) -> Liberado | P16: =VLOOKUP(D16,CAPEX!$E$2:$BQ$41,57,FALSE) -> Iniciada | Q16: =VLOOKUP(D16,CAPEX!$E$2:$BQ$41,60,FALSE) -> Liberado | R16: =VLOOKUP(D16,CAPEX!$E$2:$BQ$41,58,FALSE) -> En evaluación | S16: =VLOOKUP(D16,CAPEX!$E$2:$BQ$41,62,FALSE) -> Liberado | T16: =VLOOKUP(D16,CAPEX!$E$2:$BQ$41,64,FALSE) -> Liberado | V16: ='Resumen Ejecutivo'!O16 -> B
B17: 9 | C17: ='Resumen Ejecutivo'!C17 -> Atlas Renewable Energy | D17: ='Resumen Ejecutivo'!D17 -> Concepción Mendizábal M. - Fase I | E17: Nava | F17: Coahuila | G17: Fotovoltaico | H17: ='Resumen Ejecutivo'!H17 -> 339 MW + 30.00% BESS | I17: ='Resumen Ejecutivo'!I17 -> 46478 | J17: ='Resumen Ejecutivo'!J17 -> 47209 | K17: =VLOOKUP(D17,CAPEX!$E$2:$BQ$41,48,FALSE) -> Liberado | L17: =VLOOKUP(D17,CAPEX!$E$2:$BQ$41,50,FALSE) -> En actualización | M17: =VLOOKUP(D17,CAPEX!$E$2:$BQ$41,51,FALSE) -> En evaluación | N17: =VLOOKUP(D17,CAPEX!$E$2:$BQ$41,53,FALSE) -> N/A | O17: =VLOOKUP(D17,CAPEX!$E$2:$BQ$41,55,FALSE) -> Liberado | P17: =VLOOKUP(D17,CAPEX!$E$2:$BQ$41,57,FALSE) -> N/A | Q17: =VLOOKUP(D17,CAPEX!$E$2:$BQ$41,60,FALSE) -> En elaboración | R17: =VLOOKUP(D17,CAPEX!$E$2:$BQ$41,58,FALSE) -> Liberado | S17: =VLOOKUP(D17,CAPEX!$E$2:$BQ$41,62,FALSE) -> En evaluación | T17: =VLOOKUP(D17,CAPEX!$E$2:$BQ$41,64,FALSE) -> En elaboración | V17: ='Resumen Ejecutivo'!O17 -> B
B18: 10 | C18: ='Resumen Ejecutivo'!C18 -> Atlas Renewable Energy | D18: ='Resumen Ejecutivo'!D18 -> Concepción Mendizábal M. - Fase II | E18: Nava | F18: Coahuila | G18: Fotovoltaico | H18: ='Resumen Ejecutivo'!H18 -> 180 MW + 30.00% BESS | I18: ='Resumen Ejecutivo'!I18 -> 46478 | J18: ='Resumen Ejecutivo'!J18 -> 47209 | K18: =VLOOKUP(D18,CAPEX!$E$2:$BQ$41,48,FALSE) -> Liberado | L18: =VLOOKUP(D18,CAPEX!$E$2:$BQ$41,50,FALSE) -> En actualización | M18: =VLOOKUP(D18,CAPEX!$E$2:$BQ$41,51,FALSE) -> En evaluación | N18: =VLOOKUP(D18,CAPEX!$E$2:$BQ$41,53,FALSE) -> N/A | O18: =VLOOKUP(D18,CAPEX!$E$2:$BQ$41,55,FALSE) -> Liberado | P18: =VLOOKUP(D18,CAPEX!$E$2:$BQ$41,57,FALSE) -> N/A | Q18: =VLOOKUP(D18,CAPEX!$E$2:$BQ$41,60,FALSE) -> En elaboración | R18: =VLOOKUP(D18,CAPEX!$E$2:$BQ$41,58,FALSE) -> Liberado | S18: =VLOOKUP(D18,CAPEX!$E$2:$BQ$41,62,FALSE) -> En evaluación | T18: =VLOOKUP(D18,CAPEX!$E$2:$BQ$41,64,FALSE) -> En elaboración | V18: ='Resumen Ejecutivo'!O18 -> B
B19: 11 | C19: ='Resumen Ejecutivo'!C19 -> Thermion | D19: ='Resumen Ejecutivo'!D19 -> Delaro (*) | E19: Reynosa | F19: Tamaulipas | G19: Eólico | H19: ='Resumen Ejecutivo'!H19 -> 117 MW + 30% BESS | I19: ='Resumen Ejecutivo'!I19 -> SIN DATO | J19: ='Resumen Ejecutivo'!J19 -> SIN DATO | K19: =VLOOKUP(D19,CAPEX!$E$2:$BQ$41,48,FALSE) -> Liberado | L19: =VLOOKUP(D19,CAPEX!$E$2:$BQ$41,50,FALSE) -> En actualización | M19: =VLOOKUP(D19,CAPEX!$E$2:$BQ$41,51,FALSE) -> En elaboración | N19: =VLOOKUP(D19,CAPEX!$E$2:$BQ$41,53,FALSE) -> N/A | O19: =VLOOKUP(D19,CAPEX!$E$2:$BQ$41,55,FALSE) -> En actualización | P19: =VLOOKUP(D19,CAPEX!$E$2:$BQ$41,57,FALSE) -> N/A | Q19: =VLOOKUP(D19,CAPEX!$E$2:$BQ$41,60,FALSE) -> En evaluación | R19: =VLOOKUP(D19,CAPEX!$E$2:$BQ$41,58,FALSE) -> En actualización | S19: =VLOOKUP(D19,CAPEX!$E$2:$BQ$41,62,FALSE) -> En evaluación | T19: =VLOOKUP(D19,CAPEX!$E$2:$BQ$41,64,FALSE) -> En elaboración | V19: ='Resumen Ejecutivo'!O19 -> B
B20: 12 | C20: ='Resumen Ejecutivo'!C20 -> Atlas Renewable Energy | D20: ='Resumen Ejecutivo'!D20 -> Concepción Mendizábal M. - Fase III | E20: Nava | F20: Coahuila | G20: Fotovoltaico | H20: ='Resumen Ejecutivo'!H20 -> 339 MW + 30.00% BESS | I20: ='Resumen Ejecutivo'!I20 -> 46478 | J20: ='Resumen Ejecutivo'!J20 -> 47209 | K20: =VLOOKUP(D20,CAPEX!$E$2:$BQ$41,48,FALSE) -> Liberado | L20: =VLOOKUP(D20,CAPEX!$E$2:$BQ$41,50,FALSE) -> En actualización | M20: =VLOOKUP(D20,CAPEX!$E$2:$BQ$41,51,FALSE) -> En actualización | N20: =VLOOKUP(D20,CAPEX!$E$2:$BQ$41,53,FALSE) -> En evaluación | O20: =VLOOKUP(D20,CAPEX!$E$2:$BQ$41,55,FALSE) -> Liberado | P20: =VLOOKUP(D20,CAPEX!$E$2:$BQ$41,57,FALSE) -> N/A | Q20: =VLOOKUP(D20,CAPEX!$E$2:$BQ$41,60,FALSE) -> En elaboración | R20: =VLOOKUP(D20,CAPEX!$E$2:$BQ$41,58,FALSE) -> Liberado | S20: =VLOOKUP(D20,CAPEX!$E$2:$BQ$41,62,FALSE) -> N/A | T20: =VLOOKUP(D20,CAPEX!$E$2:$BQ$41,64,FALSE) -> En elaboración | V20: ='Resumen Ejecutivo'!O20 -> B
B21: 13 | C21: ='Resumen Ejecutivo'!C21 -> Grupo ZML | D21: ='Resumen Ejecutivo'!D21 -> Álvaro Obregón | E21: La Paz | F21: Baja California Sur | G21: Fotovoltaico | H21: ='Resumen Ejecutivo'!H21 -> 90 MW + 100% BESS | I21: ='Resumen Ejecutivo'!I21 -> 46507 | J21: ='Resumen Ejecutivo'!J21 -> 47054 | K21: =VLOOKUP(D21,CAPEX!$E$2:$BQ$41,48,FALSE) -> Liberado | L21: =VLOOKUP(D21,CAPEX!$E$2:$BQ$41,50,FALSE) -> Liberado | M21: =VLOOKUP(D21,CAPEX!$E$2:$BQ$41,51,FALSE) -> En evaluación | N21: =VLOOKUP(D21,CAPEX!$E$2:$BQ$41,53,FALSE) -> En elaboración | O21: =VLOOKUP(D21,CAPEX!$E$2:$BQ$41,55,FALSE) -> En actualización | P21: =VLOOKUP(D21,CAPEX!$E$2:$BQ$41,57,FALSE) -> N/A | Q21: =VLOOKUP(D21,CAPEX!$E$2:$BQ$41,60,FALSE) -> Liberado | R21: =VLOOKUP(D21,CAPEX!$E$2:$BQ$41,58,FALSE) -> En evaluación | S21: =VLOOKUP(D21,CAPEX!$E$2:$BQ$41,62,FALSE) -> En evaluación | T21: =VLOOKUP(D21,CAPEX!$E$2:$BQ$41,64,FALSE) -> Liberado | V21: ='Resumen Ejecutivo'!O21 -> B
B22: 14 | C22: ='Resumen Ejecutivo'!C22 -> Actis | D22: ='Resumen Ejecutivo'!D22 -> PV Moquel Solar | E22: Champotón | F22: Campeche | G22: Fotovoltaico | H22: ='Resumen Ejecutivo'!H22 -> 75 MW + 34.08% BESS | I22: ='Resumen Ejecutivo'!I22 -> 46388 | J22: ='Resumen Ejecutivo'!J22 -> 46935 | K22: =VLOOKUP(D22,CAPEX!$E$2:$BQ$41,48,FALSE) -> Liberado | L22: =VLOOKUP(D22,CAPEX!$E$2:$BQ$41,50,FALSE) -> Liberado | M22: =VLOOKUP(D22,CAPEX!$E$2:$BQ$41,51,FALSE) -> En actualización | N22: =VLOOKUP(D22,CAPEX!$E$2:$BQ$41,53,FALSE) -> En elaboración | O22: =VLOOKUP(D22,CAPEX!$E$2:$BQ$41,55,FALSE) -> Liberado | P22: =VLOOKUP(D22,CAPEX!$E$2:$BQ$41,57,FALSE) -> Iniciada | Q22: =VLOOKUP(D22,CAPEX!$E$2:$BQ$41,60,FALSE) -> Liberado | R22: =VLOOKUP(D22,CAPEX!$E$2:$BQ$41,58,FALSE) -> En actualización | S22: =VLOOKUP(D22,CAPEX!$E$2:$BQ$41,62,FALSE) -> Liberado | T22: =VLOOKUP(D22,CAPEX!$E$2:$BQ$41,64,FALSE) -> En evaluación | V22: ='Resumen Ejecutivo'!O22 -> B
B23: 15 | C23: ='Resumen Ejecutivo'!C23 -> Thermion | D23: ='Resumen Ejecutivo'!D23 -> Sol de Sonora 70 | E23: Hermosillo | F23: Sonora | G23: Fotovoltaico | H23: ='Resumen Ejecutivo'!H23 -> 70 MW + 31.43% BESS | I23: ='Resumen Ejecutivo'!I23 -> 46357 | J23: ='Resumen Ejecutivo'!J23 -> 46844 | K23: =VLOOKUP(D23,CAPEX!$E$2:$BQ$41,48,FALSE) -> Liberado | L23: =VLOOKUP(D23,CAPEX!$E$2:$BQ$41,50,FALSE) -> Liberado | M23: =VLOOKUP(D23,CAPEX!$E$2:$BQ$41,51,FALSE) -> En actualización | N23: =VLOOKUP(D23,CAPEX!$E$2:$BQ$41,53,FALSE) -> En elaboración | O23: =VLOOKUP(D23,CAPEX!$E$2:$BQ$41,55,FALSE) -> En actualización | P23: =VLOOKUP(D23,CAPEX!$E$2:$BQ$41,57,FALSE) -> N/A | Q23: =VLOOKUP(D23,CAPEX!$E$2:$BQ$41,60,FALSE) -> En evaluación | R23: =VLOOKUP(D23,CAPEX!$E$2:$BQ$41,58,FALSE) -> En actualización | S23: =VLOOKUP(D23,CAPEX!$E$2:$BQ$41,62,FALSE) -> En evaluación | T23: =VLOOKUP(D23,CAPEX!$E$2:$BQ$41,64,FALSE) -> En evaluación | V23: ='Resumen Ejecutivo'!O23 -> B
... B25: 17 | C25: ='Resumen Ejecutivo'!C25 -> Atlántica | D25: ='Resumen Ejecutivo'!D25 -> Dalia 3 (Castamay) | E25: Campeche | F25: Campeche | G25: Fotovoltaico | H25: ='Resumen Ejecutivo'!H25 -> 100 MW + 30% BESS | I25: ='Resumen Ejecutivo'!I25 -> 46447 | J25: ='Resumen Ejecutivo'!J25 -> 47118 | K25: =VLOOKUP(D25,CAPEX!$E$2:$BQ$41,48,FALSE) -> En actualización | L25: =VLOOKUP(D25,CAPEX!$E$2:$BQ$41,50,FALSE) -> Liberado | M25: =VLOOKUP(D25,CAPEX!$E$2:$BQ$41,51,FALSE) -> En evaluación | N25: =VLOOKUP(D25,CAPEX!$E$2:$BQ$41,53,FALSE) -> En elaboración | O25: =VLOOKUP(D25,CAPEX!$E$2:$BQ$41,55,FALSE) -> En evaluación | P25: =VLOOKUP(D25,CAPEX!$E$2:$BQ$41,57,FALSE) -> Iniciada | Q25: =VLOOKUP(D25,CAPEX!$E$2:$BQ$41,60,FALSE) -> Liberado | R25: =VLOOKUP(D25,CAPEX!$E$2:$BQ$41,58,FALSE) -> Liberado | S25: =VLOOKUP(D25,CAPEX!$E$2:$BQ$41,62,FALSE) -> Liberado | T25: =VLOOKUP(D25,CAPEX!$E$2:$BQ$41,64,FALSE) -> Liberado | V25: ='Resumen Ejecutivo'!O25 -> B
B26: 18 | C26: ='Resumen Ejecutivo'!C26 -> Cúbico | D26: ='Resumen Ejecutivo'!D26 -> Energías Renovables De México Tres (Hecelchakan) | E26: ='Resumen Ejecutivo'!E26 -> Hecelchakán | F26: ='Resumen Ejecutivo'!F26 -> Campeche | G26: ='Resumen Ejecutivo'!G26 -> Fotovoltaica | H26: ='Resumen Ejecutivo'!H26 -> 72 MW + 30% BESS | I26: ='Resumen Ejecutivo'!I26 -> 46507 | J26: ='Resumen Ejecutivo'!J26 -> 47088 | K26: =VLOOKUP(D26,CAPEX!$E$2:$BQ$41,48,FALSE) -> 0 | L26: =VLOOKUP(D26,CAPEX!$E$2:$BQ$41,50,FALSE) -> 0 | M26: =VLOOKUP(D26,CAPEX!$E$2:$BQ$41,51,FALSE) -> 0 | N26: =VLOOKUP(D26,CAPEX!$E$2:$BQ$41,53,FALSE) -> 0 | O26: =VLOOKUP(D26,CAPEX!$E$2:$BQ$41,55,FALSE) -> 0 | P26: =VLOOKUP(D26,CAPEX!$E$2:$BQ$41,57,FALSE) -> 0 | Q26: =VLOOKUP(D26,CAPEX!$E$2:$BQ$41,60,FALSE) -> 0 | R26: =VLOOKUP(D26,CAPEX!$E$2:$BQ$41,58,FALSE) -> 0 | S26: =VLOOKUP(D26,CAPEX!$E$2:$BQ$41,62,FALSE) -> 0 | T26: =VLOOKUP(D26,CAPEX!$E$2:$BQ$41,64,FALSE) -> 0 | V26: ='Resumen Ejecutivo'!O26 -> C
B27: 19 | C27: ='Resumen Ejecutivo'!C27 -> Fisterra | D27: ='Resumen Ejecutivo'!D27 -> Planta Solar Cerro Colorado | E27: San Quintin | F27: Baja California | G27: Fotovoltaico | H27: ='Resumen Ejecutivo'!H27 -> 455.68 MW + 30% BESS | I27: ='Resumen Ejecutivo'!I27 -> 46356 | J27: ='Resumen Ejecutivo'!J27 -> 47360 | K27: =VLOOKUP(D27,CAPEX!$E$2:$BQ$41,48,FALSE) -> 0 | L27: =VLOOKUP(D27,CAPEX!$E$2:$BQ$41,50,FALSE) -> 0 | M27: =VLOOKUP(D27,CAPEX!$E$2:$BQ$41,51,FALSE) -> 0 | N27: =VLOOKUP(D27,CAPEX!$E$2:$BQ$41,53,FALSE) -> 0 | O27: =VLOOKUP(D27,CAPEX!$E$2:$BQ$41,55,FALSE) -> 0 | P27: =VLOOKUP(D27,CAPEX!$E$2:$BQ$41,57,FALSE) -> 0 | Q27: =VLOOKUP(D27,CAPEX!$E$2:$BQ$41,60,FALSE) -> 0 | R27: =VLOOKUP(D27,CAPEX!$E$2:$BQ$41,58,FALSE) -> 0 | S27: =VLOOKUP(D27,CAPEX!$E$2:$BQ$41,62,FALSE) -> 0 | T27: =VLOOKUP(D27,CAPEX!$E$2:$BQ$41,64,FALSE) -> 0 | V27: ='Resumen Ejecutivo'!O27 -> C
B28: 20 | C28: ='Resumen Ejecutivo'!C28 -> Cúbico | D28: ='Resumen Ejecutivo'!D28 -> Energías Renovables Saas (Peto) | E28: Huimilpan y Corregidora | F28: Querétaro | G28: Fotovoltaico | H28: ='Resumen Ejecutivo'!H28 -> 72 MW + 30% BESS | I28: ='Resumen Ejecutivo'!I28 -> 46507 | J28: ='Resumen Ejecutivo'!J28 -> 47058 | K28: =VLOOKUP(D28,CAPEX!$E$2:$BQ$41,48,FALSE) -> 0 | L28: =VLOOKUP(D28,CAPEX!$E$2:$BQ$41,50,FALSE) -> 0 | M28: =VLOOKUP(D28,CAPEX!$E$2:$BQ$41,51,FALSE) -> 0 | N28: =VLOOKUP(D28,CAPEX!$E$2:$BQ$41,53,FALSE) -> 0 | O28: =VLOOKUP(D28,CAPEX!$E$2:$BQ$41,55,FALSE) -> 0 | P28: =VLOOKUP(D28,CAPEX!$E$2:$BQ$41,57,FALSE) -> 0 | Q28: =VLOOKUP(D28,CAPEX!$E$2:$BQ$41,60,FALSE) -> 0 | R28: =VLOOKUP(D28,CAPEX!$E$2:$BQ$41,58,FALSE) -> 0 | S28: =VLOOKUP(D28,CAPEX!$E$2:$BQ$41,62,FALSE) -> 0 | T28: =VLOOKUP(D28,CAPEX!$E$2:$BQ$41,64,FALSE) -> 0 | V28: ='Resumen Ejecutivo'!O28 -> C
B29: 21 | C29: ='Resumen Ejecutivo'!C29 -> Cúbico | D29: ='Resumen Ejecutivo'!D29 -> Energías Renovables Kiin (Tekax) | E29: El Carmen | F29: Campeche | G29: Fotovoltaico | H29: ='Resumen Ejecutivo'!H29 -> 56 MW + 30% BESS | I29: ='Resumen Ejecutivo'!I29 -> 46507 | J29: ='Resumen Ejecutivo'!J29 -> 47058 | K29: =VLOOKUP(D29,CAPEX!$E$2:$BQ$41,48,FALSE) -> 0 | L29: =VLOOKUP(D29,CAPEX!$E$2:$BQ$41,50,FALSE) -> 0 | M29: =VLOOKUP(D29,CAPEX!$E$2:$BQ$41,51,FALSE) -> 0 | N29: =VLOOKUP(D29,CAPEX!$E$2:$BQ$41,53,FALSE) -> 0 | O29: =VLOOKUP(D29,CAPEX!$E$2:$BQ$41,55,FALSE) -> 0 | P29: =VLOOKUP(D29,CAPEX!$E$2:$BQ$41,57,FALSE) -> 0 | Q29: =VLOOKUP(D29,CAPEX!$E$2:$BQ$41,60,FALSE) -> 0 | R29: =VLOOKUP(D29,CAPEX!$E$2:$BQ$41,58,FALSE) -> 0 | S29: =VLOOKUP(D29,CAPEX!$E$2:$BQ$41,62,FALSE) -> 0 | T29: =VLOOKUP(D29,CAPEX!$E$2:$BQ$41,64,FALSE) -> 0 | V29: ='Resumen Ejecutivo'!O29 -> C
B30: 22 | C30: ='Resumen Ejecutivo'!C30 -> Grupo Pantera | D30: ='Resumen Ejecutivo'!D30 -> Solitario | E30: Romita | F30: Guanajuato | G30: Fotovoltaico | H30: ='Resumen Ejecutivo'!H30 -> 200 MW + 32.5% BESS | I30: ='Resumen Ejecutivo'!I30 -> 46388 | J30: ='Resumen Ejecutivo'!J30 -> 47025 | K30: =VLOOKUP(D30,CAPEX!$E$2:$BQ$41,48,FALSE) -> 0 | L30: =VLOOKUP(D30,CAPEX!$E$2:$BQ$41,50,FALSE) -> 0 | M30: =VLOOKUP(D30,CAPEX!$E$2:$BQ$41,51,FALSE) -> 0 | N30: =VLOOKUP(D30,CAPEX!$E$2:$BQ$41,53,FALSE) -> 0 | O30: =VLOOKUP(D30,CAPEX!$E$2:$BQ$41,55,FALSE) -> 0 | P30: =VLOOKUP(D30,CAPEX!$E$2:$BQ$41,57,FALSE) -> 0 | Q30: =VLOOKUP(D30,CAPEX!$E$2:$BQ$41,60,FALSE) -> 0 | R30: =VLOOKUP(D30,CAPEX!$E$2:$BQ$41,58,FALSE) -> 0 | S30: =VLOOKUP(D30,CAPEX!$E$2:$BQ$41,62,FALSE) -> 0 | T30: =VLOOKUP(D30,CAPEX!$E$2:$BQ$41,64,FALSE) -> 0 | V30: ='Resumen Ejecutivo'!O30 -> C
B31: 23 | C31: ='Resumen Ejecutivo'!C31 -> Polaris | D31: ='Resumen Ejecutivo'!D31 -> Tres Hermanos | E31: Culiacán | F31: Sinaloa | G31: Fotovoltaico | H31: ='Resumen Ejecutivo'!H31 -> 75 MW + 30% BESS | I31: ='Resumen Ejecutivo'!I31 -> 46447 | J31: ='Resumen Ejecutivo'!J31 -> 47088 | K31: =VLOOKUP(D31,CAPEX!$E$2:$BQ$41,48,FALSE) -> 0 | L31: =VLOOKUP(D31,CAPEX!$E$2:$BQ$41,50,FALSE) -> 0 | M31: =VLOOKUP(D31,CAPEX!$E$2:$BQ$41,51,FALSE) -> 0 | N31: =VLOOKUP(D31,CAPEX!$E$2:$BQ$41,53,FALSE) -> 0 | O31: =VLOOKUP(D31,CAPEX!$E$2:$BQ$41,55,FALSE) -> 0 | P31: =VLOOKUP(D31,CAPEX!$E$2:$BQ$41,57,FALSE) -> 0 | Q31: =VLOOKUP(D31,CAPEX!$E$2:$BQ$41,60,FALSE) -> 0 | R31: =VLOOKUP(D31,CAPEX!$E$2:$BQ$41,58,FALSE) -> 0 | S31: =VLOOKUP(D31,CAPEX!$E$2:$BQ$41,62,FALSE) -> 0 | T31: =VLOOKUP(D31,CAPEX!$E$2:$BQ$41,64,FALSE) -> 0 | V31: ='Resumen Ejecutivo'!O31 -> C
B32: 24 | C32: ='Resumen Ejecutivo'!C32 -> Polaris | D32: ='Resumen Ejecutivo'!D32 -> Los Girasoles | E32: Matamoros | F32: Tamaulipas | G32: Eólico | H32: ='Resumen Ejecutivo'!H32 -> 110 MW + 30% BESS | I32: ='Resumen Ejecutivo'!I32 -> 46447 | J32: ='Resumen Ejecutivo'!J32 -> 47085 | K32: =VLOOKUP(D32,CAPEX!$E$2:$BQ$41,48,FALSE) -> 0 | L32: =VLOOKUP(D32,CAPEX!$E$2:$BQ$41,50,FALSE) -> 0 | M32: =VLOOKUP(D32,CAPEX!$E$2:$BQ$41,51,FALSE) -> 0 | N32: =VLOOKUP(D32,CAPEX!$E$2:$BQ$41,53,FALSE) -> 0 | O32: =VLOOKUP(D32,CAPEX!$E$2:$BQ$41,55,FALSE) -> 0 | P32: =VLOOKUP(D32,CAPEX!$E$2:$BQ$41,57,FALSE) -> 0 | Q32: =VLOOKUP(D32,CAPEX!$E$2:$BQ$41,60,FALSE) -> 0 | R32: =VLOOKUP(D32,CAPEX!$E$2:$BQ$41,58,FALSE) -> 0 | S32: =VLOOKUP(D32,CAPEX!$E$2:$BQ$41,62,FALSE) -> 0 | T32: =VLOOKUP(D32,CAPEX!$E$2:$BQ$41,64,FALSE) -> 0 | V32: ='Resumen Ejecutivo'!O32 -> C
B33: 25 | C33: ='Resumen Ejecutivo'!C33 -> Atlántica | D33: ='Resumen Ejecutivo'!D33 -> Fresnillo (PV Atocha) | E33: Úman | F33: Yucatán | G33: Fotovoltaico | H33: ='Resumen Ejecutivo'!H33 -> 100 MW + 30% BESS | I33: ='Resumen Ejecutivo'!I33 -> 46447 | J33: ='Resumen Ejecutivo'!J33 -> 47118 | K33: =VLOOKUP(D33,CAPEX!$E$2:$BQ$41,48,FALSE) -> 0 | L33: =VLOOKUP(D33,CAPEX!$E$2:$BQ$41,50,FALSE) -> 0 | M33: =VLOOKUP(D33,CAPEX!$E$2:$BQ$41,51,FALSE) -> 0 | N33: =VLOOKUP(D33,CAPEX!$E$2:$BQ$41,53,FALSE) -> 0 | O33: =VLOOKUP(D33,CAPEX!$E$2:$BQ$41,55,FALSE) -> 0 | P33: =VLOOKUP(D33,CAPEX!$E$2:$BQ$41,57,FALSE) -> 0 | Q33: =VLOOKUP(D33,CAPEX!$E$2:$BQ$41,60,FALSE) -> 0 | R33: =VLOOKUP(D33,CAPEX!$E$2:$BQ$41,58,FALSE) -> 0 | S33: =VLOOKUP(D33,CAPEX!$E$2:$BQ$41,62,FALSE) -> 0 | T33: =VLOOKUP(D33,CAPEX!$E$2:$BQ$41,64,FALSE) -> 0 | V33: ='Resumen Ejecutivo'!O33 -> C
B34: 26 | C34: ='Resumen Ejecutivo'!C34 -> Actis | D34: ='Resumen Ejecutivo'!D34 -> Viento de Bella Unión | E34: Nava | F34: Coahuila | G34: Fotovoltaico | H34: ='Resumen Ejecutivo'!H34 -> 120 MW + 34.08% BESS | I34: ='Resumen Ejecutivo'!I34 -> 46507 | J34: ='Resumen Ejecutivo'!J34 -> 47057 | K34: =VLOOKUP(D34,CAPEX!$E$2:$BQ$41,48,FALSE) -> 0 | L34: =VLOOKUP(D34,CAPEX!$E$2:$BQ$41,50,FALSE) -> 0 | M34: =VLOOKUP(D34,CAPEX!$E$2:$BQ$41,51,FALSE) -> 0 | N34: =VLOOKUP(D34,CAPEX!$E$2:$BQ$41,53,FALSE) -> 0 | O34: =VLOOKUP(D34,CAPEX!$E$2:$BQ$41,55,FALSE) -> 0 | P34: =VLOOKUP(D34,CAPEX!$E$2:$BQ$41,57,FALSE) -> 0 | Q34: =VLOOKUP(D34,CAPEX!$E$2:$BQ$41,60,FALSE) -> 0 | R34: =VLOOKUP(D34,CAPEX!$E$2:$BQ$41,58,FALSE) -> 0 | S34: =VLOOKUP(D34,CAPEX!$E$2:$BQ$41,62,FALSE) -> 0 | T34: =VLOOKUP(D34,CAPEX!$E$2:$BQ$41,64,FALSE) -> 0 | V34: ='Resumen Ejecutivo'!O34 -> C
B35: 27 | C35: ='Resumen Ejecutivo'!C35 -> Thermion | D35: ='Resumen Ejecutivo'!D35 -> Santa Gertrudis | E35: Nava | F35: Coahuila | G35: Fotovoltaico | H35: ='Resumen Ejecutivo'!H35 -> 503 MW + 30% BESS | I35: ='Resumen Ejecutivo'!I35 -> 46376 | J35: ='Resumen Ejecutivo'!J35 -> 47088 | K35: =VLOOKUP(D35,CAPEX!$E$2:$BQ$41,48,FALSE) -> 0 | L35: =VLOOKUP(D35,CAPEX!$E$2:$BQ$41,50,FALSE) -> 0 | M35: =VLOOKUP(D35,CAPEX!$E$2:$BQ$41,51,FALSE) -> 0 | N35: =VLOOKUP(D35,CAPEX!$E$2:$BQ$41,53,FALSE) -> 0 | O35: =VLOOKUP(D35,CAPEX!$E$2:$BQ$41,55,FALSE) -> 0 | P35: =VLOOKUP(D35,CAPEX!$E$2:$BQ$41,57,FALSE) -> 0 | Q35: =VLOOKUP(D35,CAPEX!$E$2:$BQ$41,60,FALSE) -> 0 | R35: =VLOOKUP(D35,CAPEX!$E$2:$BQ$41,58,FALSE) -> 0 | S35: =VLOOKUP(D35,CAPEX!$E$2:$BQ$41,62,FALSE) -> 0 | T35: =VLOOKUP(D35,CAPEX!$E$2:$BQ$41,64,FALSE) -> 0 | V35: ='Resumen Ejecutivo'!O35 -> C
B36: 28 | C36: ='Resumen Ejecutivo'!C36 -> Grupo Pantera | D36: ='Resumen Ejecutivo'!D36 -> La Noria | E36: Reynosa | F36: Tamaulipas | G36: Eólico | H36: ='Resumen Ejecutivo'!H36 -> 301.5 MW + 30% BESS | I36: ='Resumen Ejecutivo'!I36 -> 46478 | J36: ='Resumen Ejecutivo'!J36 -> 47209 | K36: =VLOOKUP(D36,CAPEX!$E$2:$BQ$41,48,FALSE) -> 0 | L36: =VLOOKUP(D36,CAPEX!$E$2:$BQ$41,50,FALSE) -> 0 | M36: =VLOOKUP(D36,CAPEX!$E$2:$BQ$41,51,FALSE) -> 0 | N36: =VLOOKUP(D36,CAPEX!$E$2:$BQ$41,53,FALSE) -> 0 | O36: =VLOOKUP(D36,CAPEX!$E$2:$BQ$41,55,FALSE) -> 0 | P36: =VLOOKUP(D36,CAPEX!$E$2:$BQ$41,57,FALSE) -> 0 | Q36: =VLOOKUP(D36,CAPEX!$E$2:$BQ$41,60,FALSE) -> 0 | R36: =VLOOKUP(D36,CAPEX!$E$2:$BQ$41,58,FALSE) -> 0 | S36: =VLOOKUP(D36,CAPEX!$E$2:$BQ$41,62,FALSE) -> 0 | T36: =VLOOKUP(D36,CAPEX!$E$2:$BQ$41,64,FALSE) -> 0 | V36: ='Resumen Ejecutivo'!O36 -> C
B37: 29 | C37: ='Resumen Ejecutivo'!C37 -> CSQB Energy | D37: ='Resumen Ejecutivo'!D37 -> Sunora (**) | E37: Nava | F37: Coahuila | G37: Fotovoltaico | H37: ='Resumen Ejecutivo'!H37 -> 300 MW + 30% BESS | I37: ='Resumen Ejecutivo'!I37 -> 46507 | J37: ='Resumen Ejecutivo'!J37 -> 47238 | K37: =VLOOKUP(D37,CAPEX!$E$2:$BQ$41,48,FALSE) -> 0 | L37: =VLOOKUP(D37,CAPEX!$E$2:$BQ$41,50,FALSE) -> 0 | M37: =VLOOKUP(D37,CAPEX!$E$2:$BQ$41,51,FALSE) -> 0 | N37: =VLOOKUP(D37,CAPEX!$E$2:$BQ$41,53,FALSE) -> 0 | O37: =VLOOKUP(D37,CAPEX!$E$2:$BQ$41,55,FALSE) -> 0 | P37: =VLOOKUP(D37,CAPEX!$E$2:$BQ$41,57,FALSE) -> 0 | Q37: =VLOOKUP(D37,CAPEX!$E$2:$BQ$41,60,FALSE) -> 0 | R37: =VLOOKUP(D37,CAPEX!$E$2:$BQ$41,58,FALSE) -> 0 | S37: =VLOOKUP(D37,CAPEX!$E$2:$BQ$41,62,FALSE) -> 0 | T37: =VLOOKUP(D37,CAPEX!$E$2:$BQ$41,64,FALSE) -> 0 | V37: ='Resumen Ejecutivo'!O37 -> C
B38: 30 | C38: ='Resumen Ejecutivo'!C38 -> Thermion | D38: ='Resumen Ejecutivo'!D38 -> Montecristo | E38: La Paz | F38: Baja California Sur | G38: Fotovoltaico | H38: ='Resumen Ejecutivo'!H38 -> 510 MW + 30% BESS | I38: ='Resumen Ejecutivo'!I38 -> 46376 | J38: ='Resumen Ejecutivo'!J38 -> 47088 | K38: =VLOOKUP(D38,CAPEX!$E$2:$BQ$41,48,FALSE) -> 0 | L38: =VLOOKUP(D38,CAPEX!$E$2:$BQ$41,50,FALSE) -> 0 | M38: =VLOOKUP(D38,CAPEX!$E$2:$BQ$41,51,FALSE) -> 0 | N38: =VLOOKUP(D38,CAPEX!$E$2:$BQ$41,53,FALSE) -> 0 | O38: =VLOOKUP(D38,CAPEX!$E$2:$BQ$41,55,FALSE) -> 0 | P38: =VLOOKUP(D38,CAPEX!$E$2:$BQ$41,57,FALSE) -> 0 | Q38: =VLOOKUP(D38,CAPEX!$E$2:$BQ$41,60,FALSE) -> 0 | R38: =VLOOKUP(D38,CAPEX!$E$2:$BQ$41,58,FALSE) -> 0 | S38: =VLOOKUP(D38,CAPEX!$E$2:$BQ$41,62,FALSE) -> 0 | T38: =VLOOKUP(D38,CAPEX!$E$2:$BQ$41,64,FALSE) -> 0 | V38: ='Resumen Ejecutivo'!O38 -> C
... B42: 34 | C42: ='Resumen Ejecutivo'!C42 -> CSQB Energy | D42: ='Resumen Ejecutivo'!D42 -> La Poza Solar (**) | E42: Campeche | F42: Campeche | G42: Fotovoltaico | H42: ='Resumen Ejecutivo'!H42 -> 300 MW + 30% BESS | I42: ='Resumen Ejecutivo'!I42 -> 46507 | J42: ='Resumen Ejecutivo'!J42 -> 47238 | K42: =VLOOKUP(D42,CAPEX!$E$2:$BQ$41,48,FALSE) -> 0 | L42: =VLOOKUP(D42,CAPEX!$E$2:$BQ$41,50,FALSE) -> 0 | M42: =VLOOKUP(D42,CAPEX!$E$2:$BQ$41,51,FALSE) -> 0 | N42: =VLOOKUP(D42,CAPEX!$E$2:$BQ$41,53,FALSE) -> 0 | O42: =VLOOKUP(D42,CAPEX!$E$2:$BQ$41,55,FALSE) -> 0 | P42: =VLOOKUP(D42,CAPEX!$E$2:$BQ$41,57,FALSE) -> 0 | Q42: =VLOOKUP(D42,CAPEX!$E$2:$BQ$41,60,FALSE) -> 0 | R42: =VLOOKUP(D42,CAPEX!$E$2:$BQ$41,58,FALSE) -> 0 | S42: =VLOOKUP(D42,CAPEX!$E$2:$BQ$41,62,FALSE) -> 0 | T42: =VLOOKUP(D42,CAPEX!$E$2:$BQ$41,64,FALSE) -> 0 | V42: ='Resumen Ejecutivo'!O42 -> C
B43: 35 | C43: ='Resumen Ejecutivo'!C43 -> CSQB Energy | D43: ='Resumen Ejecutivo'!D43 -> Cimarrón Solar (**) | E43: ='Resumen Ejecutivo'!E43 -> Hermosillo | F43: ='Resumen Ejecutivo'!F43 -> Sonora | G43: ='Resumen Ejecutivo'!G43 -> Fotovoltaica | H43: ='Resumen Ejecutivo'!H43 -> 300 MW + 30% BESS | I43: ='Resumen Ejecutivo'!I43 -> 46507 | J43: ='Resumen Ejecutivo'!J43 -> 47238 | K43: =VLOOKUP(D43,CAPEX!$E$2:$BQ$41,48,FALSE) -> 0 | L43: =VLOOKUP(D43,CAPEX!$E$2:$BQ$41,50,FALSE) -> 0 | M43: =VLOOKUP(D43,CAPEX!$E$2:$BQ$41,51,FALSE) -> 0 | N43: =VLOOKUP(D43,CAPEX!$E$2:$BQ$41,53,FALSE) -> 0 | O43: =VLOOKUP(D43,CAPEX!$E$2:$BQ$41,55,FALSE) -> 0 | P43: =VLOOKUP(D43,CAPEX!$E$2:$BQ$41,57,FALSE) -> 0 | Q43: =VLOOKUP(D43,CAPEX!$E$2:$BQ$41,60,FALSE) -> 0 | R43: =VLOOKUP(D43,CAPEX!$E$2:$BQ$41,58,FALSE) -> 0 | S43: =VLOOKUP(D43,CAPEX!$E$2:$BQ$41,62,FALSE) -> 0 | T43: =VLOOKUP(D43,CAPEX!$E$2:$BQ$41,64,FALSE) -> 0 | V43: ='Resumen Ejecutivo'!O43 -> C
B44: 36 | C44: ='Resumen Ejecutivo'!C44 -> Thermion | D44: ='Resumen Ejecutivo'!D44 -> El Guajillo | E44: San Quintin | F44: Baja California | G44: Fotovoltaico | H44: ='Resumen Ejecutivo'!H44 -> 468 MW + 30% BESS | I44: ='Resumen Ejecutivo'!I44 -> 46376 | J44: ='Resumen Ejecutivo'!J44 -> 47088 | K44: =VLOOKUP(D44,CAPEX!$E$2:$BQ$41,48,FALSE) -> 0 | L44: =VLOOKUP(D44,CAPEX!$E$2:$BQ$41,50,FALSE) -> 0 | M44: =VLOOKUP(D44,CAPEX!$E$2:$BQ$41,51,FALSE) -> 0 | N44: =VLOOKUP(D44,CAPEX!$E$2:$BQ$41,53,FALSE) -> 0 | O44: =VLOOKUP(D44,CAPEX!$E$2:$BQ$41,55,FALSE) -> 0 | P44: =VLOOKUP(D44,CAPEX!$E$2:$BQ$41,57,FALSE) -> 0 | Q44: =VLOOKUP(D44,CAPEX!$E$2:$BQ$41,60,FALSE) -> 0 | R44: =VLOOKUP(D44,CAPEX!$E$2:$BQ$41,58,FALSE) -> 0 | S44: =VLOOKUP(D44,CAPEX!$E$2:$BQ$41,62,FALSE) -> 0 | T44: =VLOOKUP(D44,CAPEX!$E$2:$BQ$41,64,FALSE) -> 0 | V44: ='Resumen Ejecutivo'!O44 -> C
B45: 37 | C45: ='Resumen Ejecutivo'!C45 -> Eléctrica Aselco | D45: ='Resumen Ejecutivo'!D45 -> El Palmar | E45: Huimilpan y Corregidora | F45: Querétaro | G45: Fotovoltaico | H45: ='Resumen Ejecutivo'!H45 -> 120 MW + 30% BESS | I45: ='Resumen Ejecutivo'!I45 -> 46452 | J45: ='Resumen Ejecutivo'!J45 -> 47238 | K45: =VLOOKUP(D45,CAPEX!$E$2:$BQ$41,48,FALSE) -> 0 | L45: =VLOOKUP(D45,CAPEX!$E$2:$BQ$41,50,FALSE) -> 0 | M45: =VLOOKUP(D45,CAPEX!$E$2:$BQ$41,51,FALSE) -> 0 | N45: =VLOOKUP(D45,CAPEX!$E$2:$BQ$41,53,FALSE) -> 0 | O45: =VLOOKUP(D45,CAPEX!$E$2:$BQ$41,55,FALSE) -> 0 | P45: =VLOOKUP(D45,CAPEX!$E$2:$BQ$41,57,FALSE) -> 0 | Q45: =VLOOKUP(D45,CAPEX!$E$2:$BQ$41,60,FALSE) -> 0 | R45: =VLOOKUP(D45,CAPEX!$E$2:$BQ$41,58,FALSE) -> 0 | S45: =VLOOKUP(D45,CAPEX!$E$2:$BQ$41,62,FALSE) -> 0 | T45: =VLOOKUP(D45,CAPEX!$E$2:$BQ$41,64,FALSE) -> 0 | V45: ='Resumen Ejecutivo'!O45 -> C
B46: 38 | C46: ='Resumen Ejecutivo'!C46 -> Eléctrica Aselco | D46: ='Resumen Ejecutivo'!D46 -> Tikinmul | E46: El Carmen | F46: Campeche | G46: Fotovoltaico | H46: ='Resumen Ejecutivo'!H46 -> 170 MW + 30% BESS | I46: ='Resumen Ejecutivo'!I46 -> 46461 | J46: ='Resumen Ejecutivo'!J46 -> 47238 | K46: =VLOOKUP(D46,CAPEX!$E$2:$BQ$41,48,FALSE) -> 0 | L46: =VLOOKUP(D46,CAPEX!$E$2:$BQ$41,50,FALSE) -> 0 | M46: =VLOOKUP(D46,CAPEX!$E$2:$BQ$41,51,FALSE) -> 0 | N46: =VLOOKUP(D46,CAPEX!$E$2:$BQ$41,53,FALSE) -> 0 | O46: =VLOOKUP(D46,CAPEX!$E$2:$BQ$41,55,FALSE) -> 0 | P46: =VLOOKUP(D46,CAPEX!$E$2:$BQ$41,57,FALSE) -> 0 | Q46: =VLOOKUP(D46,CAPEX!$E$2:$BQ$41,60,FALSE) -> 0 | R46: =VLOOKUP(D46,CAPEX!$E$2:$BQ$41,58,FALSE) -> 0 | S46: =VLOOKUP(D46,CAPEX!$E$2:$BQ$41,62,FALSE) -> 0 | T46: =VLOOKUP(D46,CAPEX!$E$2:$BQ$41,64,FALSE) -> 0 | V46: ='Resumen Ejecutivo'!O46 -> C
B47: 39 | C47: ='Resumen Ejecutivo'!C47 -> Eléctrica Aselco | D47: ='Resumen Ejecutivo'!D47 -> La Pasión | E47: Romita | F47: Guanajuato | G47: Fotovoltaico | H47: ='Resumen Ejecutivo'!H47 -> 66 MW + 30% BESS | I47: ='Resumen Ejecutivo'!I47 -> 46461 | J47: ='Resumen Ejecutivo'!J47 -> 47057 | K47: =VLOOKUP(D47,CAPEX!$E$2:$BQ$41,48,FALSE) -> 0 | L47: =VLOOKUP(D47,CAPEX!$E$2:$BQ$41,50,FALSE) -> 0 | M47: =VLOOKUP(D47,CAPEX!$E$2:$BQ$41,51,FALSE) -> 0 | N47: =VLOOKUP(D47,CAPEX!$E$2:$BQ$41,53,FALSE) -> 0 | O47: =VLOOKUP(D47,CAPEX!$E$2:$BQ$41,55,FALSE) -> 0 | P47: =VLOOKUP(D47,CAPEX!$E$2:$BQ$41,57,FALSE) -> 0 | Q47: =VLOOKUP(D47,CAPEX!$E$2:$BQ$41,60,FALSE) -> 0 | R47: =VLOOKUP(D47,CAPEX!$E$2:$BQ$41,58,FALSE) -> 0 | S47: =VLOOKUP(D47,CAPEX!$E$2:$BQ$41,62,FALSE) -> 0 | T47: =VLOOKUP(D47,CAPEX!$E$2:$BQ$41,64,FALSE) -> 0 | V47: ='Resumen Ejecutivo'!O47 -> C
B48: 40 | C48: ='Resumen Ejecutivo'!C48 -> Enhol & GEMEX [Terralia] | D48: ='Resumen Ejecutivo'!D48 -> Sierra Madre (El Chorro) (*) | E48: Culiacán | F48: Sinaloa | G48: Fotovoltaico | H48: ='Resumen Ejecutivo'!H48 -> 580 MW + 30% BESS | I48: ='Resumen Ejecutivo'!I48 -> SIN DATO | J48: ='Resumen Ejecutivo'!J48 -> SIN DATO | K48: =VLOOKUP(D48,CAPEX!$E$2:$BQ$41,48,FALSE) -> 0 | L48: =VLOOKUP(D48,CAPEX!$E$2:$BQ$41,50,FALSE) -> 0 | M48: =VLOOKUP(D48,CAPEX!$E$2:$BQ$41,51,FALSE) -> 0 | N48: =VLOOKUP(D48,CAPEX!$E$2:$BQ$41,53,FALSE) -> 0 | O48: =VLOOKUP(D48,CAPEX!$E$2:$BQ$41,55,FALSE) -> 0 | P48: =VLOOKUP(D48,CAPEX!$E$2:$BQ$41,57,FALSE) -> 0 | Q48: =VLOOKUP(D48,CAPEX!$E$2:$BQ$41,60,FALSE) -> 0 | R48: =VLOOKUP(D48,CAPEX!$E$2:$BQ$41,58,FALSE) -> 0 | S48: =VLOOKUP(D48,CAPEX!$E$2:$BQ$41,62,FALSE) -> 0 | T48: =VLOOKUP(D48,CAPEX!$E$2:$BQ$41,64,FALSE) -> 0 | V48: ='Resumen Ejecutivo'!O48 -> C
C50: NOTAS Y SIMBOLOGÍA
C51: Premisis y supuestos de análisis | D51: Se analizan por separado el Parque y la LT | E51: Trámites y/o Permisos que se incluyen en el presenta análisis | F51: Tenencia de la tierra (pondera 10%) | K51: Código de colores (CELDAS) | L51: Celdas en color verde claro: N/A y Liberado = listo a un 100 %
D52: Parque (pondera 80%) | F52: Estudios de Interconexión (pondera 10%) | L52: Celdas color rojo: En elaboración por parte del socio
D53: LT (pondera 20%) | F53: Manifestación de Impacto Ambientyal (pondera 20%) | L53: Celdas azules: En actualización, trámiteque ingresó el socio en donde la autoridad pide información adicional o precisiones y/o actualizaciones por cambios del socio
C54: Código de colores (Grupo) | D54: Verde: De un 85.00% a un 100% | F54: Estudio Técnico Justificativo (pondera 10%) | L54: Celdas amarillas: En evaluación, en espera de respuesta por la autoridad
D55: Amarillo: De un 76.00% a un 84.99% | F55: Manifestación de Impacto Social (pondera 20%) | L55: Celdas naranjas: Concluida, Consulta concluida por parte de SENER, en espera de liberación
D56: Rojo: Debajo de 75.99% | F56: Consulta Indígena (pondera 10%) | L56: Celdas grises: Iniciada, Consulta Iniciada por parte de SENER
C57: (*) | D57: Proyecto en segunda ronda de Proyectos Mixtos | F57: Instituto Nacional de Antropología e Historia (pondera 5%)
C58: (**) | D58: Proyecto que no puede ser ingresado al SEN sin que entren obras de refuerzo por un tercero; según CENACE | F58: Comisión Nacional del Agua (pondera 5%)
F59: Petroleos Mexicanos (5%)
F60: Asgencia Federal de Aviación Civil (pondera 5%)

Sheet Base de Datos
AB2: COMISIÓN FEDERAL DE ELECTRICIDAD | AD2: Rev 3 | AG2: =TODAY() -> 46325
AB3: COORDINACIÓN DE PROYECTOS DE ENERGÍAS LIMPIAS
AB4: GERENCIA DE CONSTRUCCIÓN
G5: ESTADO DE TRÁMITES Y PERMISOS DE PROYECTOS MIXTOS, PRIMERA RONDA
B8: No. | C8: Socio | D8: Proyecto | E8: Municipio | F8: Ubicación | G8: Tecnología | H8: Capacidad | I8: Fecha de Incio de invesión | J8: COD | K8: Derechos Inmobiliarios | M8: Estudios de interconexión | N8: Ambientales | R8: Social | U8: Dependencias | AD8: Avance Tratimtes Parque | AE8: Avance Tramites Línea | AG8: Avance Trámites Proyecto
N9: MIA - DTU | P9: ETJ | R9: MISSE (EvIS) | T9: Consulta Indígena | U9: INAH | W9: PEMEX | Y9: CONAGUA | AA9: AFAC
K10: Parque | L10: LT | N10: Parque | O10: LT | P10: Parque | Q10: LT | R10: Parque | S10: LT | U10: Parque | V10: LT | W10: Parque | X10: LT | Y10: Parque | Z10: LT | AA10: Parque | AB10: LT
B11: 1 | C11: =CAPEX!F2 -> Actis | D11: =CAPEX!E2 -> PV Moquel Solar | E11: =CAPEX!AD2 -> Champotón | F11: =CAPEX!AC2 -> Campeche | G11: =CAPEX!G2 -> Fotovoltaica | H11: =CAPEX!K2 -> 75 MW + 34.08% BESS | I11: =CAPEX!M2 -> 46388 | J11: =CAPEX!N2 -> 46935 | K11: =CAPEX!AH2 -> 1 | L11: =CAPEX!AI2 -> 0.5 | M11: =CAPEX!AJ2 -> 1 | N11: =CAPEX!AK2 -> 0.8 | O11: =CAPEX!AL2 -> 0.5 | P11: =CAPEX!AM2 -> 0.5 | Q11: =CAPEX!AN2 -> 0.5 | R11: =CAPEX!AO2 -> 1 | ... AB11: =CAPEX!AY2 -> 0.9 | AD11: =CAPEX!AE2 -> 0.82 | AE11: =CAPEX!AF2 -> 0.7 | AG11: =CAPEX!AG2 -> 0.796
B12: 2 | C12: =CAPEX!F3 -> Actis | D12: =CAPEX!E3 -> PV Sandom Solar | E12: =CAPEX!AD3 -> Hopelchén | F12: =CAPEX!AC3 -> Campeche | G12: =CAPEX!G3 -> Fotovoltaica | H12: =CAPEX!K3 -> 54 MW + 34.08% BESS | I12: =CAPEX!M3 -> 46478 | J12: =CAPEX!N3 -> 47057 | K12: =CAPEX!AH3 -> 1 | L12: =CAPEX!AI3 -> 0 | M12: =CAPEX!AJ3 -> 1 | N12: =CAPEX!AK3 -> 0.5 | O12: =CAPEX!AL3 -> 0.5 | P12: =CAPEX!AM3 -> 1 | Q12: =CAPEX!AN3 -> 0 | R12: =CAPEX!AO3 -> 0.9 | ... AB12: =CAPEX!AY3 -> 0.9 | AD12: =CAPEX!AE3 -> 0.8 | AE12: =CAPEX!AF3 -> 0.555 | AG12: =CAPEX!AG3 -> 0.751
B13: 3 | C13: =CAPEX!F4 -> Actis | D13: =CAPEX!E4 -> Viento de Bella Unión | E13: =CAPEX!AD4 -> Arteaga | F13: =CAPEX!AC4 -> Coahuila | G13: =CAPEX!G4 -> Fotovoltaica | H13: =CAPEX!K4 -> 120 MW + 34.08% BESS | I13: =CAPEX!M4 -> 46507 | J13: =CAPEX!N4 -> 47057 | K13: =CAPEX!AH4 -> 0.5 | L13: =CAPEX!AI4 -> 0.95 | M13: =CAPEX!AJ4 -> 1 | N13: =CAPEX!AK4 -> 0.5 | O13: =CAPEX!AL4 -> 0.5 | P13: =CAPEX!AM4 -> 1 | Q13: =CAPEX!AN4 -> 1 | R13: =CAPEX!AO4 -> 0.5 | ... AB13: =CAPEX!AY4 -> 0 | AD13: =CAPEX!AE4 -> 0.6 | AE13: =CAPEX!AF4 -> 0.645 | AG13: =CAPEX!AG4 -> 0.609
B14: 4 | C14: =CAPEX!F5 -> Alten | D14: =CAPEX!E5 -> Global Solar 3 Campeche | E14: =CAPEX!AD5 -> El Carmen | F14: =CAPEX!AC5 -> Campeche | G14: =CAPEX!G5 -> Fotovoltaica | H14: =CAPEX!K5 -> 125 MW + 30.00% BESS | I14: =CAPEX!M5 -> 46388 | J14: =CAPEX!N5 -> 46935 | K14: =CAPEX!AH5 -> 1 | L14: =CAPEX!AI5 -> 0 | M14: =CAPEX!AJ5 -> 1 | N14: =CAPEX!AK5 -> 0.9 | O14: =CAPEX!AL5 -> 0.9 | P14: =CAPEX!AM5 -> 0.8 | Q14: =CAPEX!AN5 -> 1 | R14: =CAPEX!AO5 -> 1 | ... AB14: =CAPEX!AY5 -> 0.8 | AD14: =CAPEX!AE5 -> 0.875 | AE14: =CAPEX!AF5 -> 0.8 | AG14: =CAPEX!AG5 -> 0.86
B15: 5 | C15: =CAPEX!F6 -> Atlántica | D15: =CAPEX!E6 -> Dalia 3 (Castamay) | E15: =CAPEX!AD6 -> Castamay | F15: =CAPEX!AC6 -> Campeche | G15: =CAPEX!G6 -> Fotovoltaica | H15: =CAPEX!K6 -> 100 MW + 30% BESS | I15: =CAPEX!M6 -> 46447 | J15: =CAPEX!N6 -> 47118 | K15: =CAPEX!AH6 -> 0.9 | L15: =CAPEX!AI6 -> 0.5 | M15: =CAPEX!AJ6 -> 1 | N15: =CAPEX!AK6 -> 0.8 | O15: =CAPEX!AL6 -> 0.6 | P15: =CAPEX!AM6 -> 0.5 | Q15: =CAPEX!AN6 -> 0 | R15: =CAPEX!AO6 -> 0.8 | ... AB15: =CAPEX!AY6 -> 1 | AD15: =CAPEX!AE6 -> 0.79 | AE15: =CAPEX!AF6 -> 0.535 | AG15: =CAPEX!AG6 -> 0.739
B16: 6 | C16: =CAPEX!F7 -> Atlántica | D16: =CAPEX!E7 -> Fresnillo (PV Atocha) | E16: =CAPEX!AD7 -> Fresnillo | F16: =CAPEX!AC7 -> Zacatecas | G16: =CAPEX!G7 -> Fotovoltaica | H16: =CAPEX!K7 -> 100 MW + 30% BESS | I16: =CAPEX!M7 -> 46447 | J16: =CAPEX!N7 -> 47118 | K16: =CAPEX!AH7 -> 0.7 | L16: =CAPEX!AI7 -> 0.7 | M16: =CAPEX!AJ7 -> 1 | N16: =CAPEX!AK7 -> 0.7 | O16: =CAPEX!AL7 -> 0 | P16: =CAPEX!AM7 -> 0 | Q16: =CAPEX!AN7 -> 0 | R16: =CAPEX!AO7 -> 0.7 | ... AB16: =CAPEX!AY7 -> 0 | AD16: =CAPEX!AE7 -> 0.625 | AE16: =CAPEX!AF7 -> 0.41 | AG16: =CAPEX!AG7 -> 0.582
B17: 7 | C17: =CAPEX!F8 -> Atlas Renewable Energy | D17: =CAPEX!E8 -> Concepción Mendizábal M. - Fase I | E17: =CAPEX!AD8 -> Nava | F17: =CAPEX!AC8 -> Coahuila | G17: =CAPEX!G8 -> Fotovoltaica | H17: =CAPEX!K8 -> 339 MW + 30.00% BESS | I17: =CAPEX!M8 -> 46478 | J17: =CAPEX!N8 -> 47209 | K17: =CAPEX!AH8 -> 1 | L17: =CAPEX!AI8 -> 1 | M17: =CAPEX!AJ8 -> 0.8 | N17: =CAPEX!AK8 -> 0.9 | O17: =CAPEX!AL8 -> 0.9 | P17: =CAPEX!AM8 -> 1 | Q17: =CAPEX!AN8 -> 1 | R17: =CAPEX!AO8 -> 1 | ... AB17: =CAPEX!AY8 -> 0 | AD17: =CAPEX!AE8 -> 0.8375 | AE17: =CAPEX!AF8 -> 0.8375 | AG17: =CAPEX!AG8 -> 0.8375
B18: 8 | C18: =CAPEX!F9 -> Atlas Renewable Energy | D18: =CAPEX!E9 -> Concepción Mendizábal M. - Fase II | E18: =CAPEX!AD9 -> Nava | F18: =CAPEX!AC9 -> Coahuila | G18: =CAPEX!G9 -> Fotovoltaica | H18: =CAPEX!K9 -> 180 MW + 30.00% BESS | I18: =CAPEX!M9 -> 46478 | J18: =CAPEX!N9 -> 47209 | K18: =CAPEX!AH9 -> 1 | L18: =CAPEX!AI9 -> 1 | M18: =CAPEX!AJ9 -> 0.8 | N18: =CAPEX!AK9 -> 0.9 | O18: =CAPEX!AL9 -> 0.9 | P18: =CAPEX!AM9 -> 1 | Q18: =CAPEX!AN9 -> 1 | R18: =CAPEX!AO9 -> 1 | ... AB18: =CAPEX!AY9 -> 0 | AD18: =CAPEX!AE9 -> 0.8375 | AE18: =CAPEX!AF9 -> 0.8375 | AG18: =CAPEX!AG9 -> 0.8375
B19: 9 | C19: =CAPEX!F10 -> Atlas Renewable Energy | D19: =CAPEX!E10 -> Concepción Mendizábal M. - Fase III | E19: =CAPEX!AD10 -> Nava | F19: =CAPEX!AC10 -> Coahuila | G19: =CAPEX!G10 -> Fotovoltaica | H19: =CAPEX!K10 -> 339 MW + 30.00% BESS | I19: =CAPEX!M10 -> 46478 | J19: =CAPEX!N10 -> 47209 | K19: =CAPEX!AH10 -> 1 | L19: =CAPEX!AI10 -> 1 | M19: =CAPEX!AJ10 -> 0.8 | N19: =CAPEX!AK10 -> 0.9 | O19: =CAPEX!AL10 -> 0.9 | P19: =CAPEX!AM10 -> 0.9 | Q19: =CAPEX!AN10 -> 0.9 | R19: =CAPEX!AO10 -> 1 | ... AB19: =CAPEX!AY10 -> 0 | AD19: =CAPEX!AE10 -> 0.8275 | AE19: =CAPEX!AF10 -> 0.8275 | AG19: =CAPEX!AG10 -> 0.8275
B20: 10 | C20: =CAPEX!F11 -> CSQB Energy | D20: =CAPEX!E11 -> Cimarrón Solar (**) | E20: =CAPEX!AD11 -> Hermosillo | F20: =CAPEX!AC11 -> Sonora | G20: =CAPEX!G11 -> Fotovoltaica | H20: =CAPEX!K11 -> 300 MW + 30% BESS | I20: =CAPEX!M11 -> 46507 | J20: =CAPEX!N11 -> 47238 | K20: =CAPEX!AH11 -> 0.5 | L20: =CAPEX!AI11 -> 1 | M20: =CAPEX!AJ11 -> 0 | N20: =CAPEX!AK11 -> 0 | O20: =CAPEX!AL11 -> 0 | P20: =CAPEX!AM11 -> 0 | Q20: =CAPEX!AN11 -> 0 | R20: =CAPEX!AO11 -> 0.5 | ... AB20: =CAPEX!AY11 -> 0 | AD20: =CAPEX!AE11 -> 0.35 | AE20: =CAPEX!AF11 -> 0.4 | AG20: =CAPEX!AG11 -> 0.36
B21: 11 | C21: =CAPEX!F12 -> CSQB Energy | D21: =CAPEX!E12 -> La Poza Solar (**) | E21: =CAPEX!AD12 -> Hermosillo | F21: =CAPEX!AC12 -> Sonora | G21: =CAPEX!G12 -> Fotovoltaica | H21: =CAPEX!K12 -> 300 MW + 30% BESS | I21: =CAPEX!M12 -> 46507 | J21: =CAPEX!N12 -> 47238 | K21: =CAPEX!AH12 -> 0.5 | L21: =CAPEX!AI12 -> 0.5 | M21: =CAPEX!AJ12 -> 0 | N21: =CAPEX!AK12 -> 0 | O21: =CAPEX!AL12 -> 0 | P21: =CAPEX!AM12 -> 0 | Q21: =CAPEX!AN12 -> 0 | R21: =CAPEX!AO12 -> 0.5 | ... AB21: =CAPEX!AY12 -> 0.5 | AD21: =CAPEX!AE12 -> 0.35 | AE21: =CAPEX!AF12 -> 0.35 | AG21: =CAPEX!AG12 -> 0.35
B22: 12 | C22: =CAPEX!F13 -> CSQB Energy | D22: =CAPEX!E13 -> Sunora (**) | E22: =CAPEX!AD13 -> Hermosillo | F22: =CAPEX!AC13 -> Sonora | G22: =CAPEX!G13 -> Fotovoltaica | H22: =CAPEX!K13 -> 300 MW + 30% BESS | I22: =CAPEX!M13 -> 46507 | J22: =CAPEX!N13 -> 47238 | K22: =CAPEX!AH13 -> 0.5 | L22: =CAPEX!AI13 -> 1 | M22: =CAPEX!AJ13 -> 0 | N22: =CAPEX!AK13 -> 0.6 | O22: =CAPEX!AL13 -> 0.6 | P22: =CAPEX!AM13 -> 0 | Q22: =CAPEX!AN13 -> 0 | R22: =CAPEX!AO13 -> 0.6 | ... AB22: =CAPEX!AY13 -> 0.5 | AD22: =CAPEX!AE13 -> 0.49 | AE22: =CAPEX!AF13 -> 0.54 | AG22: =CAPEX!AG13 -> 0.5
... B50: 40 | C50: =CAPEX!F41 -> Thermion | D50: =CAPEX!E41 -> Sol de Sonora 70 | E50: =CAPEX!AD41 -> Hermosillo | F50: =CAPEX!AC41 -> Sonora | G50: =CAPEX!G41 -> Fotovoltaica | H50: =CAPEX!K41 -> 70 MW + 31.43% BESS | I50: =CAPEX!M41 -> 46357 | J50: =CAPEX!N41 -> 46844 | K50: =CAPEX!AH41 -> 1 | L50: =CAPEX!AI41 -> 1 | M50: =CAPEX!AJ41 -> 1 | N50: =CAPEX!AK41 -> 0.8 | O50: =CAPEX!AL41 -> 0.8 | P50: =CAPEX!AM41 -> 0.8 | Q50: =CAPEX!AN41 -> 0.8 | R50: =CAPEX!AO41 -> 0.8 | ... AB50: =CAPEX!AY41 -> 0.5 | AD50: =CAPEX!AE41 -> 0.82 | AE50: =CAPEX!AF41 -> 0.82 | AG50: =CAPEX!AG41 -> 0.82
K51: Ponderan | M51: Pondera | N51: Ponderan | R51: Ponderan | T51: Pondera | U51: Ponderan | W51: Ponderan | Y51: Ponderan | AA51: Ponderan | AD51: Pondera | AE51: Pondera
K52: 0.1 | M52: 0.1 | N52: 0.2 | P52: 0.1 | R52: 0.2 | T52: 0.1 | U52: 0.05 | W52: 0.05 | Y52: 0.05 | AA52: 0.05 | AD52: 0.8 | AE52: 0.2
D54: (*) | E54: Indica Proyecto que se va a segunda ronda de Proyectos Mixtos
D55: (**) | E55: Indica Proyecto que no puede ser ingresado al SEN sin que entren obras de refuerzo que no son responsabilidad del Proyecto, es decir, por un tercero; según CENACE
AD95: 0
AD96: 1

Sheet CAPEX
A1: NO. | B1: NO._HA | C1: TÍTULO 1 | D1: TÍTULO 2 | E1: name_BD | F1: Socio | G1: Tecnología | H1: Ubicación | I1: Capacidad | J1: Almacenamiento (BESS) | K1: Capacidad Total Contrato (MW + %BESS) | L1: Horas de Almacenamiento | M1: Inicio de Inversión | N1: Fin de Construcción | O1: Fecha firma de contrato | P1: CAPEX | Q1: PRIORI | R1: INVERSIONISTA | S1: BESS TEÓRICO (%) | T1: BESS TEÓRICO (MW) | U1: MWh (3 HRS) | V1: BESS REAL (%) | W1: BESS REAL (MW) | X1: MWh (3 HRS) | Y1: CAPEX / MW | Z1: CAPEX / MWh (BESS) | AA1: Capacidad (MW) | AB1: Almacenamiento(BESS) | AC1: ESTADO | AD1: MUNICIPIO | AE1: Parque | AF1: LT | AG1: Global | AH1: DI_P | AI1: DI_LT | AJ1: ES_INT | AK1: A_MIA_P | AL1: A_MIA_LT | AM1: A_ETJ_P | AN1: A_ETJ_LT | AO1: S_MISSE_C | AP1: S_MISSE_LT | AQ1: S_CONS | AR1: INAH_C | AS1: INAH_LT | AT1: PEMEX_C | AU1: PEMEX_LT | AV1: CONA_C | AW1: CONA_LT | AX1: AFAC_C | AY1: AFAC_LT | AZ1: DI_P_ESTATUS | BA1: DI_LT_ESTATUS | BB1: ES_INT_ESTATUS | BC1: A_MIA_P_ESTATUS | BD1: A_MIA_LT_ESTATUS | BE1: A_ETJ_P_ESTATUS | BF1: A_ETJ_LT_ESTATUS | BG1: S_MISSE_C_ESTATUS | BH1: S_MISSE_LT_ESTATUS | BI1: S_CONS_ESTATUS | BJ1: INAH_C_ESTATUS | BK1: INAH_LT_ESTATUS | BL1: PEMEX_C_ESTATUS | BM1: PEMEX_LT_ESTATUS | BN1: CONA_C_ESTATUS | BO1: CONA_LT_ESTATUS | BP1: AFAC_C_ESTATUS | BQ1: AFAC_LT_ESTATUS
A2: 29 | B2: 1 | C2: PV MOQUEL SOLAR | D2: PV MOQUEL SOLAR | E2: PV Moquel Solar | F2: Actis | G2: Fotovoltaica | H2: Champotón, Campeche | I2: 75 MW | J2: 25.6 MW / 76.7 MWh | K2: 75 MW + 34.08% BESS | L2: 3 | M2: 46388 | N2: 46935 | O2: 46211 | P2: 86086706 | Q2: NoP | R2: IDEAL EXECUTION SPV, S.A. DE C.V. | S2: 0.3 | T2: =AA2*S2 -> 22.5 | U2: =T2*3 -> 67.5 | V2: =AB2/AA2 -> 0.34133333 | W2: =AA2*V2 -> 25.6 | X2: =W2*3 -> 76.8 | Y2: =P2/AA2 -> 1147822.7 | Z2: =P2/AB2 -> 3362761.9 | AA2: 75 | AB2: 25.6 | AC2: Campeche | AD2: Champotón | AE2: =(AH2*10%)+(AJ2*10%)+(AK2*20%)+(AM2*10%)+(AO2*20%)+(AQ2*10%)+(AR2*5%)+(AT2*5%)+(AV2*5%)+(AX2*5%) -> 0.82 | AF2: =(AI2*10%)+(AJ2*10%)+(AL2*20%)+(AN2*10%)+(AP2*20%)+(AQ2*10%)+(AS2*5%)+(AU2*5%)+(AW2*5%)+(AY2*5%) -> 0.7 | AG2: =(AE2*80%)+(AF2*20%) -> 0.796 | AH2: 1 | AI2: 0.5 | AJ2: 1 | AK2: 0.8 | AL2: 0.5 | AM2: 0.5 | AN2: 0.5 | AO2: 1 | AP2: 1 | AQ2: 0.3 | AR2: 0.7 | AS2: 0.5 | AT2: 1 | AU2: 1 | AV2: 1 | AW2: 1 | AX2: 0.9 | AY2: 0.9 | AZ2: Liberado | BA2: 0 | BB2: Liberado | BC2: En actualización | BD2: 0 | BE2: En elaboración | BF2: 0 | BG2: Liberado | BH2: 0 | BI2: Iniciada | BJ2: En actualización | BK2: 0 | BL2: Liberado | BM2: 0 | BN2: Liberado | BO2: 0 | BP2: En evaluación | BQ2: 0
A3: 5 | B3: 2 | C3: PV SANDOM SOLAR | D3: PV SANDOM SOLAR | E3: PV Sandom Solar | F3: Actis | G3: Fotovoltaica | H3: Hopelchén, Campeche | I3: 54 MW | J3: 18.4 MW / 55.2 MWh | K3: 54 MW + 34.08% BESS | L3: 3 | M3: 46478 | N3: 47057 | O3: 46211 | P3: 60278578 | Q3: P | R3: TRANSACTION SPEED SPV, S.A. DE C.V. | S3: 0.3 | T3: =AA3*S3 -> 16.2 | U3: =T3*3 -> 48.6 | V3: =AB3/AA3 -> 0.34074074 | W3: =AA3*V3 -> 18.4 | X3: =W3*3 -> 55.2 | Y3: =P3/AA3 -> 1116270 | Z3: =P3/AB3 -> 3276009.7 | AA3: 54 | AB3: 18.4 | AC3: Campeche | AD3: Hopelchén | AE3: =(AH3*10%)+(AJ3*10%)+(AK3*20%)+(AM3*10%)+(AO3*20%)+(AQ3*10%)+(AR3*5%)+(AT3*5%)+(AV3*5%)+(AX3*5%) -> 0.8 | AF3: =(AI3*10%)+(AJ3*10%)+(AL3*20%)+(AN3*10%)+(AP3*20%)+(AQ3*10%)+(AS3*5%)+(AU3*5%)+(AW3*5%)+(AY3*5%) -> 0.555 | AG3: =(AE3*80%)+(AF3*20%) -> 0.751 | AH3: 1 | AI3: 0 | AJ3: 1 | AK3: 0.5 | AL3: 0.5 | AM3: 1 | AN3: 0 | AO3: 0.9 | AP3: 0.9 | AQ3: 0.3 | AR3: 0.9 | AS3: 0 | AT3: 1 | AU3: 1 | AV3: 1 | AW3: 1 | AX3: 0.9 | AY3: 0.9 | AZ3: Liberado | BA3: 0 | BB3: Liberado | BC3: En elaboración | BD3: 0 | BE3: N/A | BF3: 0 | BG3: En evaluación | BH3: 0 | BI3: Iniciada | BJ3: En actualización | BK3: 0 | BL3: Liberado | BM3: 0 | BN3: Liberado | BO3: 0 | BP3: En evaluación | BQ3: 0
A4: 23 | B4: 3 | C4: VIENTO DE BELLA UNIÓN | D4: VIENTO DE BELLA UNIÓN | E4: Viento de Bella Unión | F4: Actis | G4: Fotovoltaica | H4: Arteaga, Coahuila | I4: 120 MW | J4: 40.9 MW / 122.7 MWh | K4: 120 MW + 34.08% BESS | L4: 3 | M4: 46507 | N4: 47057 | O4: 46206 | P4: 1.1461172e+08 | Q4: P | R4: CONTROLADORA MÉXICO LAGUNA, S.A. DE C.V. | S4: 0.3 | T4: =AA4*S4 -> 36 | U4: =T4*3 -> 108 | V4: =AB4/AA4 -> 0.34083333 | W4: =AA4*V4 -> 40.9 | X4: =W4*3 -> 122.7 | Y4: =P4/AA4 -> 955097.63 | Z4: =P4/AB4 -> 2802242.4 | AA4: 120 | AB4: 40.9 | AC4: Coahuila | AD4: Arteaga | AE4: =(AH4*10%)+(AJ4*10%)+(AK4*20%)+(AM4*10%)+(AO4*20%)+(AQ4*10%)+(AR4*5%)+(AT4*5%)+(AV4*5%)+(AX4*5%) -> 0.6 | AF4: =(AI4*10%)+(AJ4*10%)+(AL4*20%)+(AN4*10%)+(AP4*20%)+(AQ4*10%)+(AS4*5%)+(AU4*5%)+(AW4*5%)+(AY4*5%) -> 0.645 | AG4: =(AE4*80%)+(AF4*20%) -> 0.609 | AH4: 0.5 | AI4: 0.95 | AJ4: 1 | AK4: 0.5 | AL4: 0.5 | AM4: 1 | AN4: 1 | AO4: 0.5 | AP4: 0.5 | AQ4: 1 | AR4: 0.5 | AS4: 0.5 | AT4: 0.5 | AU4: 0.5 | AV4: 0 | AW4: 0 | AX4: 0 | AY4: 0 | AZ4: 0 | BA4: 0 | BB4: 0 | BC4: 0 | BD4: 0 | BE4: 0 | BF4: 0 | BG4: 0 | BH4: 0 | BI4: 0 | BJ4: 0 | BK4: 0 | BL4: 0 | BM4: 0 | BN4: 0 | BO4: 0 | BP4: 0 | BQ4: 0
A5: 34 | B5: 4 | C5: GLOBAL SOLAR 3 CAMPECHE | D5: GLOBAL SOLAR 3 CAMPECHE | E5: Global Solar 3 Campeche | F5: Alten | G5: Fotovoltaica | H5: El Carmen, Campeche | I5: 125 MW | J5: 37.5 MW / 112.5 MWh | K5: 125 MW + 30.00% BESS | L5: 3 | M5: 46388 | N5: 46935 | O5: 46212 | P5: 1.6110607e+08 | Q5: NoP | R5: ABE1 EPC MÉXICO, S.A. DE C.V. | S5: 0.3 | T5: =AA5*S5 -> 37.5 | U5: =T5*3 -> 112.5 | V5: =AB5/AA5 -> 0.3 | W5: =AA5*V5 -> 37.5 | X5: =W5*3 -> 112.5 | Y5: =P5/AA5 -> 1288848.6 | Z5: =P5/AB5 -> 4296161.9 | AA5: 125 | AB5: 37.5 | AC5: Campeche | AD5: El Carmen | AE5: =(AH5*10%)+(AJ5*10%)+(AK5*20%)+(AM5*10%)+(AO5*20%)+(AQ5*10%)+(AR5*5%)+(AT5*5%)+(AV5*5%)+(AX5*5%) -> 0.875 | AF5: =(AI5*10%)+(AJ5*10%)+(AL5*20%)+(AN5*10%)+(AP5*20%)+(AQ5*10%)+(AS5*5%)+(AU5*5%)+(AW5*5%)+(AY5*5%) -> 0.8 | AG5: =(AE5*80%)+(AF5*20%) -> 0.86 | AH5: 1 | AI5: 0 | AJ5: 1 | AK5: 0.9 | AL5: 0.9 | AM5: 0.8 | AN5: 1 | AO5: 1 | AP5: 1 | AQ5: 0.3 | AR5: 0.9 | AS5: 1 | AT5: 1 | AU5: 1 | AV5: 1 | AW5: 1 | AX5: 0.8 | AY5: 0.8 | AZ5: Liberado | BA5: 0 | BB5: Liberado | BC5: En evaluación | BD5: 0 | BE5: En evaluación | BF5: 0 | BG5: Liberado | BH5: 0 | BI5: Iniciada | BJ5: En evaluación | BK5: 0 | BL5: Liberado | BM5: 0 | BN5: Liberado | BO5: 0 | BP5: En evaluación | BQ5: 0
A6: 24 | B6: 5 | C6: DALIA 3 PV (CASTAMAY) | D6: DALIA 3 PV (CASTAMAY) | E6: Dalia 3 (Castamay) | F6: Atlántica | G6: Fotovoltaica | H6: Castamay, Campeche | I6: 100 MW | J6: 30 MW / 90 MWh | K6: 100 MW + 30% BESS | L6: 3 | M6: 46447 | N6: 47118 | O6: 46206 | P6: 98564828 | Q6: P | R6: ATLANTICA RENEWABLE POWER MÉXICO, S. DE R.L. DE C.V. | S6: 0.3 | T6: =AA6*S6 -> 30 | U6: =T6*3 -> 90 | V6: =AB6/AA6 -> 0.3 | W6: =AA6*V6 -> 30 | X6: =W6*3 -> 90 | Y6: =P6/AA6 -> 985648.28 | Z6: =P6/AB6 -> 3285494.3 | AA6: 100 | AB6: 30 | AC6: Campeche | AD6: Castamay | AE6: =(AH6*10%)+(AJ6*10%)+(AK6*20%)+(AM6*10%)+(AO6*20%)+(AQ6*10%)+(AR6*5%)+(AT6*5%)+(AV6*5%)+(AX6*5%) -> 0.79 | AF6: =(AI6*10%)+(AJ6*10%)+(AL6*20%)+(AN6*10%)+(AP6*20%)+(AQ6*10%)+(AS6*5%)+(AU6*5%)+(AW6*5%)+(AY6*5%) -> 0.535 | AG6: =(AE6*80%)+(AF6*20%) -> 0.739 | AH6: 0.9 | AI6: 0.5 | AJ6: 1 | AK6: 0.8 | AL6: 0.6 | AM6: 0.5 | AN6: 0 | AO6: 0.8 | AP6: 0.8 | AQ6: 0.3 | AR6: 1 | AS6: 0.5 | AT6: 1 | AU6: 0 | AV6: 1 | AW6: 0 | AX6: 1 | AY6: 1 | AZ6: En actualización | BA6: 0 | BB6: Liberado | BC6: En evaluación | BD6: 0 | BE6: En elaboración | BF6: 0 | BG6: En evaluación | BH6: 0 | BI6: Iniciada | BJ6: Liberado | BK6: 0 | BL6: Liberado | BM6: 0 | BN6: Liberado | BO6: 0 | BP6: Liberado | BQ6: 0
A7: 25 | B7: 6 | C7: FRESNILLO (PV ATOCHA) | D7: FRESNILLO (PV ATOCHA) | E7: Fresnillo (PV Atocha) | F7: Atlántica | G7: Fotovoltaica | H7: Fresnillo, Zacatecas | I7: 100 MW | J7: 30 MW / 90 MWh | K7: 100 MW + 30% BESS | L7: 3 | M7: 46447 | N7: 47118 | O7: 46206 | P7: 99932858 | Q7: NoP | R7: ATLANTICA RENEWABLE POWER MÉXICO, S. DE R.L. DE C.V. | S7: 0.3 | T7: =AA7*S7 -> 30 | U7: =T7*3 -> 90 | V7: =AB7/AA7 -> 0.3 | W7: =AA7*V7 -> 30 | X7: =W7*3 -> 90 | Y7: =P7/AA7 -> 999328.58 | Z7: =P7/AB7 -> 3331095.3 | AA7: 100 | AB7: 30 | AC7: Zacatecas | AD7: Fresnillo | AE7: =(AH7*10%)+(AJ7*10%)+(AK7*20%)+(AM7*10%)+(AO7*20%)+(AQ7*10%)+(AR7*5%)+(AT7*5%)+(AV7*5%)+(AX7*5%) -> 0.625 | AF7: =(AI7*10%)+(AJ7*10%)+(AL7*20%)+(AN7*10%)+(AP7*20%)+(AQ7*10%)+(AS7*5%)+(AU7*5%)+(AW7*5%)+(AY7*5%) -> 0.41 | AG7: =(AE7*80%)+(AF7*20%) -> 0.582 | AH7: 0.7 | AI7: 0.7 | AJ7: 1 | AK7: 0.7 | AL7: 0 | AM7: 0 | AN7: 0 | AO7: 0.7 | AP7: 0.7 | AQ7: 1 | AR7: 0.5 | AS7: 0 | AT7: 0 | AU7: 0 | AV7: 1 | AW7: 0 | AX7: 0 | AY7: 0 | AZ7: 0 | BA7: 0 | BB7: 0 | BC7: 0 | BD7: 0 | BE7: 0 | BF7: 0 | BG7: 0 | BH7: 0 | BI7: 0 | BJ7: 0 | BK7: 0 | BL7: 0 | BM7: 0 | BN7: 0 | BO7: 0 | BP7: 0 | BQ7: 0
A8: 31 | B8: 7 | C8: CONCEPCIÓN MENDIZÁBAL MENDOZA FASE I | D8: CONCEPCIÓN MENDIZÁBAL MENDOZA FASE I | E8: Concepción Mendizábal M. - Fase I | F8: Atlas Renewable Energy | G8: Fotovoltaica | H8: Nava, Coahuila | I8: 339 MW | J8: 101.7 MW / 305.1 MWh | K8: 339 MW + 30.00% BESS | L8: 3 | M8: 46478 | N8: 47209 | O8: 46283 | P8: VER FASE II | Q8: NoP | R8: CAZADERO SOLAR, S. DE R.L. DE C.V. | S8: 0.3 | T8: =AA8*S8 -> 101.7 | U8: =T8*3 -> 305.1 | V8: =AB8/AA8 -> 0.3 | W8: =AA8*V8 -> 101.7 | X8: =W8*3 -> 305.1 | Y8: =P8/AA8 -> #VALUE! | Z8: =P8/AB8 -> #VALUE! | AA8: 339 | AB8: 101.7 | AC8: Coahuila | AD8: Nava | AE8: =(AH8*10%)+(AJ8*10%)+(AK8*20%)+(AM8*10%)+(AO8*20%)+(AQ8*10%)+(AR8*5%)+(AT8*5%)+(AV8*5%)+(AX8*5%) -> 0.8375 | AF8: =(AI8*10%)+(AJ8*10%)+(AL8*20%)+(AN8*10%)+(AP8*20%)+(AQ8*10%)+(AS8*5%)+(AU8*5%)+(AW8*5%)+(AY8*5%) -> 0.8375 | AG8: =(AE8*80%)+(AF8*20%) -> 0.8375 | AH8: 1 | AI8: 1 | AJ8: 0.8 | AK8: 0.9 | AL8: 0.9 | AM8: 1 | AN8: 1 | AO8: 1 | AP8: 1 | AQ8: 1 | AR8: 1 | AS8: 1 | AT8: 0.05 | AU8: 0.05 | AV8: 0.5 | AW8: 0.5 | AX8: 0 | AY8: 0 | AZ8: Liberado | BA8: 0 | BB8: En actualización | BC8: En evaluación | BD8: 0 | BE8: N/A | BF8: 0 | BG8: Liberado | BH8: 0 | BI8: N/A | BJ8: Liberado | BK8: 0 | BL8: En elaboración | BM8: 0 | BN8: En evaluación | BO8: 0 | BP8: En elaboración | BQ8: 0
A9: 32 | B9: 8 | C9: CONCEPCIÓN MENDIZÁBAL MENDOZA FASE II | D9: CONCEPCIÓN MENDIZÁBAL MENDOZA FASE II | E9: Concepción Mendizábal M. - Fase II | F9: Atlas Renewable Energy | G9: Fotovoltaica | H9: Nava, Coahuila | I9: 180 MW | J9: 54 MW / 162 MWh | K9: 180 MW + 30.00% BESS | L9: 3 | M9: 46478 | N9: 47209 | O9: 46283 | P9: 925310833 | Q9: NoP | R9: CAZADERO SOLAR, S. DE R.L. DE C.V. | S9: 0.3 | T9: =AA9*S9 -> 54 | U9: =T9*3 -> 162 | V9: =AB9/AA9 -> 0.3 | W9: =AA9*V9 -> 54 | X9: =W9*3 -> 162 | Y9: =P9/AA9 -> 5140615.7 | Z9: =P9/AB9 -> 17135386 | AA9: 180 | AB9: 54 | AC9: Coahuila | AD9: Nava | AE9: =(AH9*10%)+(AJ9*10%)+(AK9*20%)+(AM9*10%)+(AO9*20%)+(AQ9*10%)+(AR9*5%)+(AT9*5%)+(AV9*5%)+(AX9*5%) -> 0.8375 | AF9: =(AI9*10%)+(AJ9*10%)+(AL9*20%)+(AN9*10%)+(AP9*20%)+(AQ9*10%)+(AS9*5%)+(AU9*5%)+(AW9*5%)+(AY9*5%) -> 0.8375 | AG9: =(AE9*80%)+(AF9*20%) -> 0.8375 | AH9: 1 | AI9: 1 | AJ9: 0.8 | AK9: 0.9 | AL9: 0.9 | AM9: 1 | AN9: 1 | AO9: 1 | AP9: 1 | AQ9: 1 | AR9: 1 | AS9: 1 | AT9: 0.05 | AU9: 0.05 | AV9: 0.5 | AW9: 0.5 | AX9: 0 | AY9: 0 | AZ9: Liberado | BA9: 0 | BB9: En actualización | BC9: En evaluación | BD9: 0 | BE9: N/A | BF9: 0 | BG9: Liberado | BH9: 0 | BI9: N/A | BJ9: Liberado | BK9: 0 | BL9: En elaboración | BM9: 0 | BN9: En evaluación | BO9: 0 | BP9: En elaboración | BQ9: 0
A10: 33 | B10: 9 | C10: CONCEPCIÓN MENDIZÁBAL MENDOZA FASE III | D10: CONCEPCIÓN MENDIZÁBAL MENDOZA FASE III | E10: Concepción Mendizábal M. - Fase III | F10: Atlas Renewable Energy | G10: Fotovoltaica | H10: Nava, Coahuila | I10: 339 MW | J10: 101.7 MW / 305.1 MWh | K10: 339 MW + 30.00% BESS | L10: 3 | M10: 46478 | N10: 47209 | O10: 46283 | P10: VER FASE II | Q10: NoP | R10: CAZADERO SOLAR, S. DE R.L. DE C.V. | S10: 0.3 | T10: =AA10*S10 -> 101.7 | U10: =T10*3 -> 305.1 | V10: =AB10/AA10 -> 0.3 | W10: =AA10*V10 -> 101.7 | X10: =W10*3 -> 305.1 | Y10: =P10/AA10 -> #VALUE! | Z10: =P10/AB10 -> #VALUE! | AA10: 339 | AB10: 101.7 | AC10: Coahuila | AD10: Nava | AE10: =(AH10*10%)+(AJ10*10%)+(AK10*20%)+(AM10*10%)+(AO10*20%)+(AQ10*10%)+(AR10*5%)+(AT10*5%)+(AV10*5%)+(AX10*5%) -> 0.8275 | AF10: =(AI10*10%)+(AJ10*10%)+(AL10*20%)+(AN10*10%)+(AP10*20%)+(AQ10*10%)+(AS10*5%)+(AU10*5%)+(AW10*5%)+(AY10*5%) -> 0.8275 | AG10: =(AE10*80%)+(AF10*20%) -> 0.8275 | AH10: 1 | AI10: 1 | AJ10: 0.8 | AK10: 0.9 | AL10: 0.9 | AM10: 0.9 | AN10: 0.9 | AO10: 1 | AP10: 1 | AQ10: 1 | AR10: 1 | AS10: 1 | AT10: 0.05 | AU10: 0.05 | AV10: 0.5 | AW10: 0.5 | AX10: 0 | AY10: 0 | AZ10: Liberado | BA10: 0 | BB10: En actualización | BC10: En actualización | BD10: 0 | BE10: En evaluación | BF10: 0 | BG10: Liberado | BH10: 0 | BI10: N/A | BJ10: Liberado | BK10: 0 | BL10: En elaboración | BM10: 0 | BN10: N/A | BO10: 0 | BP10: En elaboración | BQ10: 0
A11: 36 | B11: 10 | C11: CIMARRÓN SOLAR | D11: CIMARRÓN SOLAR | E11: Cimarrón Solar (**) | F11: CSQB Energy | G11: Fotovoltaica | H11: Hermosillo, Sonora | I11: 300 MW | J11: 90 MW / 270 MWh (POR CONFIRMAR) | K11: 300 MW + 30% BESS | L11: 3.00 (POR CONFIRMAR) | M11: 46507 | N11: 47238 | O11: SIN DATO | P11: SIN DATO | Q11: NoP | R11: SIN DATO | S11: 0.3 | T11: =AA11*S11 -> 90 | U11: =T11*3 -> 270 | V11: =AB11/AA11 -> 0.3 | W11: =AA11*V11 -> 90 | X11: =W11*3 -> 270 | Y11: =P11/AA11 -> #VALUE! | Z11: =P11/AB11 -> #VALUE! | AA11: 300 | AB11: 90 | AC11: Sonora | AD11: Hermosillo | AE11: =(AH11*10%)+(AJ11*10%)+(AK11*20%)+(AM11*10%)+(AO11*20%)+(AQ11*10%)+(AR11*5%)+(AT11*5%)+(AV11*5%)+(AX11*5%) -> 0.35 | AF11: =(AI11*10%)+(AJ11*10%)+(AL11*20%)+(AN11*10%)+(AP11*20%)+(AQ11*10%)+(AS11*5%)+(AU11*5%)+(AW11*5%)+(AY11*5%) -> 0.4 | AG11: =(AE11*80%)+(AF11*20%) -> 0.36 | AH11: 0.5 | AI11: 1 | AJ11: 0 | AK11: 0 | AL11: 0 | AM11: 0 | AN11: 0 | AO11: 0.5 | AP11: 0.5 | AQ11: 1 | AR11: 1 | AS11: 1 | AT11: 0.5 | AU11: 0.5 | AV11: 0.5 | AW11: 0.5 | AX11: 0 | AY11: 0 | AZ11: 0 | BA11: 0 | BB11: 0 | BC11: 0 | BD11: 0 | BE11: 0 | BF11: 0 | BG11: 0 | BH11: 0 | BI11: 0 | BJ11: 0 | BK11: 0 | BL11: 0 | BM11: 0 | BN11: 0 | BO11: 0 | BP11: 0 | BQ11: 0
A12: 38 | B12: 11 | C12: LA POZA SOLAR | D12: LA POZA SOLAR | E12: La Poza Solar (**) | F12: CSQB Energy | G12: Fotovoltaica | H12: Hermosillo, Sonora | I12: 300 MW | J12: 90 MW / 270 MWh (POR CONFIRMAR) | K12: 300 MW + 30% BESS | L12: 3.00 (POR CONFIRMAR) | M12: 46507 | N12: 47238 | O12: SIN DATO | P12: SIN DATO | Q12: NoP | R12: SIN DATO | S12: 0.3 | T12: =AA12*S12 -> 90 | U12: =T12*3 -> 270 | V12: =AB12/AA12 -> 0.3 | W12: =AA12*V12 -> 90 | X12: =W12*3 -> 270 | Y12: =P12/AA12 -> #VALUE! | Z12: =P12/AB12 -> #VALUE! | AA12: 300 | AB12: 90 | AC12: Sonora | AD12: Hermosillo | AE12: =(AH12*10%)+(AJ12*10%)+(AK12*20%)+(AM12*10%)+(AO12*20%)+(AQ12*10%)+(AR12*5%)+(AT12*5%)+(AV12*5%)+(AX12*5%) -> 0.35 | AF12: =(AI12*10%)+(AJ12*10%)+(AL12*20%)+(AN12*10%)+(AP12*20%)+(AQ12*10%)+(AS12*5%)+(AU12*5%)+(AW12*5%)+(AY12*5%) -> 0.35 | AG12: =(AE12*80%)+(AF12*20%) -> 0.35 | AH12: 0.5 | AI12: 0.5 | AJ12: 0 | AK12: 0 | AL12: 0 | AM12: 0 | AN12: 0 | AO12: 0.5 | AP12: 0.5 | AQ12: 1 | AR12: 1 | AS12: 1 | AT12: 0.5 | AU12: 0.5 | AV12: 0 | AW12: 0 | AX12: 0.5 | AY12: 0.5 | AZ12: 0 | BA12: 0 | BB12: 0 | BC12: 0 | BD12: 0 | BE12: 0 | BF12: 0 | BG12: 0 | BH12: 0 | BI12: 0 | BJ12: 0 | BK12: 0 | BL12: 0 | BM12: 0 | BN12: 0 | BO12: 0 | BP12: 0 | BQ12: 0
A13: 37 | B13: 12 | C13: SUNORA | D13: SUNORA | E13: Sunora (**) | F13: CSQB Energy | G13: Fotovoltaica | H13: Hermosillo, Sonora | I13: 300 MW | J13: 90 MW / 270 MWh (POR CONFIRMAR) | K13: 300 MW + 30% BESS | L13: 3.00 (POR CONFIRMAR) | M13: 46507 | N13: 47238 | O13: SIN DATO | P13: SIN DATO | Q13: NoP | R13: SIN DATO | S13: 0.3 | T13: =AA13*S13 -> 90 | U13: =T13*3 -> 270 | V13: =AB13/AA13 -> 0.3 | W13: =AA13*V13 -> 90 | X13: =W13*3 -> 270 | Y13: =P13/AA13 -> #VALUE! | Z13: =P13/AB13 -> #VALUE! | AA13: 300 | AB13: 90 | AC13: Sonora | AD13: Hermosillo | AE13: =(AH13*10%)+(AJ13*10%)+(AK13*20%)+(AM13*10%)+(AO13*20%)+(AQ13*10%)+(AR13*5%)+(AT13*5%)+(AV13*5%)+(AX13*5%) -> 0.49 | AF13: =(AI13*10%)+(AJ13*10%)+(AL13*20%)+(AN13*10%)+(AP13*20%)+(AQ13*10%)+(AS13*5%)+(AU13*5%)+(AW13*5%)+(AY13*5%) -> 0.54 | AG13: =(AE13*80%)+(AF13*20%) -> 0.5 | AH13: 0.5 | AI13: 1 | AJ13: 0 | AK13: 0.6 | AL13: 0.6 | AM13: 0 | AN13: 0 | AO13: 0.6 | AP13: 0.6 | AQ13: 1 | AR13: 1 | AS13: 1 | AT13: 0.5 | AU13: 0.5 | AV13: 0 | AW13: 0 | AX13: 0.5 | AY13: 0.5 | AZ13: 0 | BA13: 0 | BB13: 0 | BC13: 0 | BD13: 0 | BE13: 0 | BF13: 0 | BG13: 0 | BH13: 0 | BI13: 0 | BJ13: 0 | BK13: 0 | BL13: 0 | BM13: 0 | BN13: 0 | BO13: 0 | BP13: 0 | BQ13: 0
A14: 22 | B14: 13 | C14: PARQUE FV ENERGÍAS RENOVABLES DE TAMAULIPAS | D14: PARQUE FV ENERGÍAS RENOVABLES DE TAMAULIPAS | E14: Energías Renovables de Tamaulipas (Altamira) | F14: Cúbico | G14: Fotovoltaica | H14: Altamira, Tamaulipas | I14: 78 MW | J14: 25.69 MW / 82.22 MWh | K14: 78 MW + 30% BESS | L14: 3.2 | M14: 46388 | N14: 46935 | O14: 46206 | P14: 112351023 | Q14: P | R14: CUBICO MÉXICO, S. DE R.L. DE C.V. | S14: 0.3 | T14: =AA14*S14 -> 23.4 | U14: =T14*3 -> 70.2 | V14: =AB14/AA14 -> 0.32935897 | W14: =AA14*V14 -> 25.69 | X14: =W14*3 -> 77.07 | Y14: =P14/AA14 -> 1440397.7 | Z14: =P14/AB14 -> 4373336.8 | AA14: 78 | AB14: 25.69 | AC14: Tamaulipas | AD14: Altamira | AE14: =(AH14*10%)+(AJ14*10%)+(AK14*20%)+(AM14*10%)+(AO14*20%)+(AQ14*10%)+(AR14*5%)+(AT14*5%)+(AV14*5%)+(AX14*5%) -> 0.94 | AF14: =(AI14*10%)+(AJ14*10%)+(AL14*20%)+(AN14*10%)+(AP14*20%)+(AQ14*10%)+(AS14*5%)+(AU14*5%)+(AW14*5%)+(AY14*5%) -> 0.93 | AG14: =(AE14*80%)+(AF14*20%) -> 0.938 | AH14: 1 | AI14: 0.9 | AJ14: 1 | AK14: 1 | AL14: 1 | AM14: 0.9 | AN14: 0.9 | AO14: 1 | AP14: 1 | AQ14: 1 | AR14: 1 | AS14: 1 | AT14: 0.5 | AU14: 0.5 | AV14: 1 | AW14: 1 | AX14: 0.5 | AY14: 0.5 | AZ14: Liberado | BA14: 0 | BB14: Liberado | BC14: Liberado | BD14: 0 | BE14: En evaluación | BF14: 0 | BG14: Liberado | BH14: 0 | BI14: N/A | BJ14: Liberado | BK14: 0 | BL14: En evaluación | BM14: 0 | BN14: Liberado | BO14: 0 | BP14: En elaboración | BQ14: 0
A15: 19 | B15: 14 | C15: PARQUE FV ENERGÍAS RENOVABLES DE MÉXICO TRES | D15: PARQUE FV ENERGÍAS RENOVABLES DE MÉXICO TRES | E15: Energías Renovables De México Tres (Hecelchakan) | F15: Cúbico | G15: Fotovoltaica | H15: Hecelchakán, Campeche | I15: 72 MW | J15: 21.6 MW / 64.8 MWh | K15: 72 MW + 30% BESS | L15: 3 | M15: 46507 | N15: 47088 | O15: 46206 | P15: 111538383 | Q15: NoP | R15: CUBICO MÉXICO, S. DE R.L. DE C.V. | S15: 0.3 | T15: =AA15*S15 -> 21.6 | U15: =T15*3 -> 64.8 | V15: =AB15/AA15 -> 0.3 | W15: =AA15*V15 -> 21.6 | X15: =W15*3 -> 64.8 | Y15: =P15/AA15 -> 1549144.2 | Z15: =P15/AB15 -> 5163814 | AA15: 72 | AB15: 21.6 | AC15: Campeche | AD15: Hecelchakán | AE15: =(AH15*10%)+(AJ15*10%)+(AK15*20%)+(AM15*10%)+(AO15*20%)+(AQ15*10%)+(AR15*5%)+(AT15*5%)+(AV15*5%)+(AX15*5%) -> 0.75 | AF15: =(AI15*10%)+(AJ15*10%)+(AL15*20%)+(AN15*10%)+(AP15*20%)+(AQ15*10%)+(AS15*5%)+(AU15*5%)+(AW15*5%)+(AY15*5%) -> 0.75 | AG15: =(AE15*80%)+(AF15*20%) -> 0.75 | AH15: 0.8 | AI15: 0.8 | AJ15: 1 | AK15: 0.8 | AL15: 0.8 | AM15: 1 | AN15: 1 | AO15: 0.8 | AP15: 0.8 | AQ15: 0 | AR15: 0.5 | AS15: 0.5 | AT15: 1 | AU15: 1 | AV15: 1 | AW15: 1 | AX15: 0.5 | AY15: 0.5 | AZ15: 0 | BA15: 0 | BB15: 0 | BC15: 0 | BD15: 0 | BE15: 0 | BF15: 0 | BG15: 0 | BH15: 0 | BI15: 0 | BJ15: 0 | BK15: 0 | BL15: 0 | BM15: 0 | BN15: 0 | BO15: 0 | BP15: 0 | BQ15: 0
A16: 18 | B16: 15 | C16: ENERGÍA LIMPIA EL MEZQUITE | D16: ENERGÍA LIMPIA EL MEZQUITE | E16: Energía Limpia el Mezquite | F16: Cúbico | G16: Eólica | H16: Mina, Nuevo León | I16: 300 MW | J16: 90 MW / 270 MWh | K16: 300 MW + 30% BESS | L16: 3 | M16: 46507 | N16: 47300 | O16: 46206 | P16: 563085927 | Q16: NoP | R16: CUBICO MÉXICO, S. DE R.L. DE C.V. | S16: 0.3 | T16: =AA16*S16 -> 90 | U16: =T16*3 -> 270 | V16: =AB16/AA16 -> 0.3 | W16: =AA16*V16 -> 90 | X16: =W16*3 -> 270 | Y16: =P16/AA16 -> 1876953.1 | Z16: =P16/AB16 -> 6256510.3 | AA16: 300 | AB16: 90 | AC16: Nuevo León | AD16: Mina | AE16: =(AH16*10%)+(AJ16*10%)+(AK16*20%)+(AM16*10%)+(AO16*20%)+(AQ16*10%)+(AR16*5%)+(AT16*5%)+(AV16*5%)+(AX16*5%) -> 0.4 | AF16: =(AI16*10%)+(AJ16*10%)+(AL16*20%)+(AN16*10%)+(AP16*20%)+(AQ16*10%)+(AS16*5%)+(AU16*5%)+(AW16*5%)+(AY16*5%) -> 0.34 | AG16: =(AE16*80%)+(AF16*20%) -> 0.388 | AH16: 1 | AI16: 0.5 | AJ16: 0.9 | AK16: 0.5 | AL16: 0 | AM16: 0 | AN16: 0 | AO16: 0.05 | AP16: 0.5 | AQ16: 1 | AR16: 0 | AS16: 0 | AT16: 0 | AU16: 0 | AV16: 0 | AW16: 0 | AX16: 0 | AY16: 0 | AZ16: 0 | BA16: 0 | BB16: 0 | BC16: 0 | BD16: 0 | BE16: 0 | BF16: 0 | BG16: 0 | BH16: 0 | BI16: 0 | BJ16: 0 | BK16: 0 | BL16: 0 | BM16: 0 | BN16: 0 | BO16: 0 | BP16: 0 | BQ16: 0
A17: 20 | B17: 16 | C17: PARQUE FV ENERGÍAS RENOVABLES SAAS (PETO) | D17: PARQUE FV ENERGÍAS RENOVABLES SAAS (PETO) | E17: Energías Renovables Saas (Peto) | F17: Cúbico | G17: Fotovoltaica | H17: Peto, Yucatán | I17: 72 MW | J17: 21.6 MW / 64.8 MWh | K17: 72 MW + 30% BESS | L17: 3 | M17: 46507 | N17: 47058 | O17: 46206 | P17: 107893266 | Q17: NoP | R17: CUBICO MÉXICO, S. DE R.L. DE C.V. | S17: 0.3 | T17: =AA17*S17 -> 21.6 | U17: =T17*3 -> 64.8 | V17: =AB17/AA17 -> 0.3 | W17: =AA17*V17 -> 21.6 | X17: =W17*3 -> 64.8 | Y17: =P17/AA17 -> 1498517.6 | Z17: =P17/AB17 -> 4995058.6 | AA17: 72 | AB17: 21.6 | AC17: Yucatán | AD17: Peto | AE17: =(AH17*10%)+(AJ17*10%)+(AK17*20%)+(AM17*10%)+(AO17*20%)+(AQ17*10%)+(AR17*5%)+(AT17*5%)+(AV17*5%)+(AX17*5%) -> 0.74 | AF17: =(AI17*10%)+(AJ17*10%)+(AL17*20%)+(AN17*10%)+(AP17*20%)+(AQ17*10%)+(AS17*5%)+(AU17*5%)+(AW17*5%)+(AY17*5%) -> 0.64 | AG17: =(AE17*80%)+(AF17*20%) -> 0.72 | AH17: 1 | AI17: 0 | AJ17: 1 | AK17: 0.8 | AL17: 0.8 | AM17: 0 | AN17: 0 | AO17: 1 | AP17: 1 | AQ17: 0.3 | AR17: 0.5 | AS17: 0.5 | AT17: 1 | AU17: 1 | AV17: 1 | AW17: 1 | AX17: 0.5 | AY17: 0.5 | AZ17: 0 | BA17: 0 | BB17: 0 | BC17: 0 | BD17: 0 | BE17: 0 | BF17: 0 | BG17: 0 | BH17: 0 | BI17: 0 | BJ17: 0 | BK17: 0 | BL17: 0 | BM17: 0 | BN17: 0 | BO17: 0 | BP17: 0 | BQ17: 0
A18: 21 | B18: 17 | C18: PARQUE FV ENERGÍAS RENOVABLES KIIN (TEKAX) | D18: PARQUE FV ENERGÍAS RENOVABLES KIIN (TEKAX) | E18: Energías Renovables Kiin (Tekax) | F18: Cúbico | G18: Fotovoltaica | H18: Tekax, Yucatán | I18: 56 MW | J18: 16.8 MW / 50.4 MWh | K18: 56 MW + 30% BESS | L18: 3 | M18: 46507 | N18: 47058 | O18: 46206 | P18: 85999233 | Q18: NoP | R18: CUBICO MÉXICO, S. DE R.L. DE C.V. | S18: 0.3 | T18: =AA18*S18 -> 16.8 | U18: =T18*3 -> 50.4 | V18: =AB18/AA18 -> 0.3 | W18: =AA18*V18 -> 16.8 | X18: =W18*3 -> 50.4 | Y18: =P18/AA18 -> 1535700.6 | Z18: =P18/AB18 -> 5119002 | AA18: 56 | AB18: 16.8 | AC18: Yucatán | AD18: Tekax | AE18: =(AH18*10%)+(AJ18*10%)+(AK18*20%)+(AM18*10%)+(AO18*20%)+(AQ18*10%)+(AR18*5%)+(AT18*5%)+(AV18*5%)+(AX18*5%) -> 0.72 | AF18: =(AI18*10%)+(AJ18*10%)+(AL18*20%)+(AN18*10%)+(AP18*20%)+(AQ18*10%)+(AS18*5%)+(AU18*5%)+(AW18*5%)+(AY18*5%) -> 0.67 | AG18: =(AE18*80%)+(AF18*20%) -> 0.71 | AH18: 1 | AI18: 0.5 | AJ18: 1 | AK18: 0.7 | AL18: 0.7 | AM18: 0 | AN18: 0 | AO18: 1 | AP18: 1 | AQ18: 0.3 | AR18: 0.5 | AS18: 0.5 | AT18: 1 | AU18: 1 | AV18: 1 | AW18: 1 | AX18: 0.5 | AY18: 0.5 | AZ18: 0 | BA18: 0 | BB18: 0 | BC18: 0 | BD18: 0 | BE18: 0 | BF18: 0 | BG18: 0 | BH18: 0 | BI18: 0 | BJ18: 0 | BK18: 0 | BL18: 0 | BM18: 0 | BN18: 0 | BO18: 0 | BP18: 0 | BQ18: 0
A19: 17 | B19: 18 | C19: SAN PEDRO SOLAR | D19: SAN PEDRO SOLAR | E19: San Pedro Solar | F19: Elawan Wind Mexico III | G19: Fotovoltaica | H19: Huimalpan, Querétaro | I19: 98.2 MW | J19: 29.46 MW / 88.38 MWh | K19: 98.2 MW + 30% BESS | L19: 3 | M19: 46447 | N19: 46843 | O19: 46212 | P19: 90724533 | Q19: P | R19: ELAWAN ENERGY MÉXICO, S.A. DE C.V. | S19: 0.3 | T19: =AA19*S19 -> 29.46 | U19: =T19*3 -> 88.38 | V19: =AB19/AA19 -> 0.3 | W19: =AA19*V19 -> 29.46 | X19: =W19*3 -> 88.38 | Y19: =P19/AA19 -> 923875.08 | Z19: =P19/AB19 -> 3079583.6 | AA19: 98.2 | AB19: 29.46 | AC19: Querétaro | AD19: Huimalpan | AE19: =(AH19*10%)+(AJ19*10%)+(AK19*20%)+(AM19*10%)+(AO19*20%)+(AQ19*10%)+(AR19*5%)+(AT19*5%)+(AV19*5%)+(AX19*5%) -> 0.915 | AF19: =(AI19*10%)+(AJ19*10%)+(AL19*20%)+(AN19*10%)+(AP19*20%)+(AQ19*10%)+(AS19*5%)+(AU19*5%)+(AW19*5%)+(AY19*5%) -> 0.86 | AG19: =(AE19*80%)+(AF19*20%) -> 0.904 | AH19: 0.95 | AI19: 0.5 | AJ19: 0.9 | AK19: 0.9 | AL19: 0.9 | AM19: 1 | AN19: 1 | AO19: 0.9 | AP19: 0.9 | AQ19: 1 | AR19: 1 | AS19: 0.8 | AT19: 1 | AU19: 1 | AV19: 0.8 | AW19: 0.8 | AX19: 0.6 | AY19: 0.6 | AZ19: En actualización | BA19: 0 | BB19: Liberado | BC19: En evaluación | BD19: 0 | BE19: N/A | BF19: 0 | BG19: En evaluación | BH19: 0 | BI19: N/A | BJ19: Liberado | BK19: 0 | BL19: Liberado | BM19: 0 | BN19: En evaluación | BO19: 0 | BP19: En evaluación | BQ19: 0
A20: 15 | B20: 19 | C20: EL PALMAR | D20: EL PALMAR | E20: El Palmar | F20: Eléctrica Aselco | G20: Fotovoltaica | H20: Los Cabos, Baja California Sur | I20: 120 MW | J20: 36 MW / 108 MWh | K20: 120 MW + 30% BESS | L20: 3 | M20: 46452 | N20: 47238 | O20: 46211 | P20: 1.7820844e+08 | Q20: NoP | R20: ELÉCTRICA ASELCO, S.A. DE C.V. | S20: 0.3 | T20: =AA20*S20 -> 36 | U20: =T20*3 -> 108 | V20: =AB20/AA20 -> 0.3 | W20: =AA20*V20 -> 36 | X20: =W20*3 -> 108 | Y20: =P20/AA20 -> 1485070.3 | Z20: =P20/AB20 -> 4950234.4 | AA20: 120 | AB20: 36 | AC20: Baja California Sur | AD20: Los Cabos | AE20: =(AH20*10%)+(AJ20*10%)+(AK20*20%)+(AM20*10%)+(AO20*20%)+(AQ20*10%)+(AR20*5%)+(AT20*5%)+(AV20*5%)+(AX20*5%) -> 0.305 | AF20: =(AI20*10%)+(AJ20*10%)+(AL20*20%)+(AN20*10%)+(AP20*20%)+(AQ20*10%)+(AS20*5%)+(AU20*5%)+(AW20*5%)+(AY20*5%) -> 0.255 | AG20: =(AE20*80%)+(AF20*20%) -> 0.295 | AH20: 1 | AI20: 0.5 | AJ20: 0.8 | AK20: 0 | AL20: 0 | AM20: 0 | AN20: 0 | AO20: 0 | AP20: 0 | AQ20: 1 | AR20: 0.5 | AS20: 0.5 | AT20: 0 | AU20: 0 | AV20: 0 | AW20: 0 | AX20: 0 | AY20: 0 | AZ20: 0 | BA20: 0 | BB20: 0 | BC20: 0 | BD20: 0 | BE20: 0 | BF20: 0 | BG20: 0 | BH20: 0 | BI20: 0 | BJ20: 0 | BK20: 0 | BL20: 0 | BM20: 0 | BN20: 0 | BO20: 0 | BP20: 0 | BQ20: 0
A21: 16 | B21: 20 | C21: LA PASIÓN | D21: LA PASIÓN | E21: La Pasión | F21: Eléctrica Aselco | G21: Fotovoltaica | H21: La Paz, Baja California Sur | I21: 66 MW | J21: 19.8 MW / 59.4 MWh | K21: 66 MW + 30% BESS | L21: 3 | M21: 46461 | N21: 47057 | O21: 46211 | P21: 98459271 | Q21: NoP | R21: ELÉCTRICA ASELCO, S.A. DE C.V. | S21: 0.3 | T21: =AA21*S21 -> 19.8 | U21: =T21*3 -> 59.4 | V21: =AB21/AA21 -> 0.3 | W21: =AA21*V21 -> 19.8 | X21: =W21*3 -> 59.4 | Y21: =P21/AA21 -> 1491807.1 | Z21: =P21/AB21 -> 4972690.5 | AA21: 66 | AB21: 19.8 | AC21: Baja California Sur | AD21: La Paz | AE21: =(AH21*10%)+(AJ21*10%)+(AK21*20%)+(AM21*10%)+(AO21*20%)+(AQ21*10%)+(AR21*5%)+(AT21*5%)+(AV21*5%)+(AX21*5%) -> 0.295 | AF21: =(AI21*10%)+(AJ21*10%)+(AL21*20%)+(AN21*10%)+(AP21*20%)+(AQ21*10%)+(AS21*5%)+(AU21*5%)+(AW21*5%)+(AY21*5%) -> 0.28 | AG21: =(AE21*80%)+(AF21*20%) -> 0.292 | AH21: 0.95 | AI21: 0.8 | AJ21: 1 | AK21: 0 | AL21: 0 | AM21: 0 | AN21: 0 | AO21: 0 | AP21: 0 | AQ21: 1 | AR21: 0 | AS21: 0 | AT21: 0 | AU21: 0 | AV21: 0 | AW21: 0 | AX21: 0 | AY21: 0 | AZ21: 0 | BA21: 0 | BB21: 0 | BC21: 0 | BD21: 0 | BE21: 0 | BF21: 0 | BG21: 0 | BH21: 0 | BI21: 0 | BJ21: 0 | BK21: 0 | BL21: 0 | BM21: 0 | BN21: 0 | BO21: 0 | BP21: 0 | BQ21: 0
A22: 14 | B22: 21 | C22: TIKINMUL | D22: TIKINMUL | E22: Tikinmul | F22: Eléctrica Aselco | G22: Fotovoltaica | H22: Tikinmul, Campeche | I22: 170 MW | J22: 51 MW / 153 MWh | K22: 170 MW + 30% BESS | L22: 3 | M22: 46461 | N22: 47238 | O22: 46211 | P22: 2.1134562e+08 | Q22: NoP | R22: ELÉCTRICA ASELCO, S.A. DE C.V. | S22: 0.3 | T22: =AA22*S22 -> 51 | U22: =T22*3 -> 153 | V22: =AB22/AA22 -> 0.3 | W22: =AA22*V22 -> 51 | X22: =W22*3 -> 153 | Y22: =P22/AA22 -> 1243209.6 | Z22: =P22/AB22 -> 4144031.8 | AA22: 170 | AB22: 51 | AC22: Campeche | AD22: Tikinmul | AE22: =(AH22*10%)+(AJ22*10%)+(AK22*20%)+(AM22*10%)+(AO22*20%)+(AQ22*10%)+(AR22*5%)+(AT22*5%)+(AV22*5%)+(AX22*5%) -> 0.3 | AF22: =(AI22*10%)+(AJ22*10%)+(AL22*20%)+(AN22*10%)+(AP22*20%)+(AQ22*10%)+(AS22*5%)+(AU22*5%)+(AW22*5%)+(AY22*5%) -> 0.16 | AG22: =(AE22*80%)+(AF22*20%) -> 0.272 | AH22: 1 | AI22: 0.8 | AJ22: 0.8 | AK22: 0.6 | AL22: 0 | AM22: 0 | AN22: 0 | AO22: 0 | AP22: 0 | AQ22: 0 | AR22: 0 | AS22: 0 | AT22: 0 | AU22: 0 | AV22: 0 | AW22: 0 | AX22: 0 | AY22: 0 | AZ22: 0 | BA22: 0 | BB22: 0 | BC22: 0 | BD22: 0 | BE22: 0 | BF22: 0 | BG22: 0 | BH22: 0 | BI22: 0 | BJ22: 0 | BK22: 0 | BL22: 0 | BM22: 0 | BN22: 0 | BO22: 0 | BP22: 0 | BQ22: 0
A23: 11 | B23: 22 | C23: PLANTA SOLAR HAAB KIIN | D23: PLANTA SOLAR HAAB KIIN | E23: Haab Kiin | F23: Fisterra | G23: Fotovoltaica | H23: Umán, Yucatán | I23: 123.2 MW | J23: 36.96 MW / 135.41 MWh | K23: 123.2 MW + 30% BESS | L23: 3.66 | M23: 46356 | N23: 47208 | O23: 46206 | P23: 1.5893022e+08 | Q23: P | R23: FEM ENERGY X, S. DE R.L. DE C.V. | S23: 0.3 | T23: =AA23*S23 -> 36.96 | U23: =T23*3 -> 110.88 | V23: =AB23/AA23 -> 0.3 | W23: =AA23*V23 -> 36.96 | X23: =W23*3 -> 110.88 | Y23: =P23/AA23 -> 1290018 | Z23: =P23/AB23 -> 4300060 | AA23: 123.2 | AB23: 36.96 | AC23: Yucatán | AD23: Umán | AE23: =(AH23*10%)+(AJ23*10%)+(AK23*20%)+(AM23*10%)+(AO23*20%)+(AQ23*10%)+(AR23*5%)+(AT23*5%)+(AV23*5%)+(AX23*5%) -> 0.84 | AF23: =(AI23*10%)+(AJ23*10%)+(AL23*20%)+(AN23*10%)+(AP23*20%)+(AQ23*10%)+(AS23*5%)+(AU23*5%)+(AW23*5%)+(AY23*5%) -> 0.735 | AG23: =(AE23*80%)+(AF23*20%) -> 0.819 | AH23: 1 | AI23: 0.75 | AJ23: 1 | AK23: 0.9 | AL23: 0.5 | AM23: 0.5 | AN23: 0.5 | AO23: 1 | AP23: 1 | AQ23: 0.3 | AR23: 0.6 | AS23: 0.6 | AT23: 1 | AU23: 1 | AV23: 1 | AW23: 1 | AX23: 1 | AY23: 1 | AZ23: Liberado | BA23: 0 | BB23: Liberado | BC23: En evaluación | BD23: 0 | BE23: En elaboración | BF23: 0 | BG23: Liberado | BH23: 0 | BI23: Iniciada | BJ23: En evaluación | BK23: 0 | BL23: Liberado | BM23: 0 | BN23: Liberado | BO23: 0 | BP23: Liberado | BQ23: 0
A24: 12 | B24: 23 | C24: PLANTA SOLAR CERRO COLORADO | D24: PLANTA SOLAR CERRO COLORADO | E24: Planta Solar Cerro Colorado | F24: Fisterra | G24: Fotovoltaica | H24: Sayula de Alemán, Veracruz | I24: 455.68 MW | J24: 136.7 MW / 496.5 MWh | K24: 455.68 MW + 30% BESS | L24: 3.6 | M24: 46356 | N24: 47360 | O24: 46206 | P24: 4.2082893e+08 | Q24: NoP | R24: FEM ENERGY XII, S. DE R.L. DE C.V. | S24: 0.3 | T24: =AA24*S24 -> 136.704 | U24: =T24*3 -> 410.112 | V24: =AB24/AA24 -> 0.29999122 | W24: =AA24*V24 -> 136.7 | X24: =W24*3 -> 410.1 | Y24: =P24/AA24 -> 923518.55 | Z24: =P24/AB24 -> 3078485.2 | AA24: 455.68 | AB24: 136.7 | AC24: Veracruz | AD24: Sayula de Alemán | AE24: =(AH24*10%)+(AJ24*10%)+(AK24*20%)+(AM24*10%)+(AO24*20%)+(AQ24*10%)+(AR24*5%)+(AT24*5%)+(AV24*5%)+(AX24*5%) -> 0.75 | AF24: =(AI24*10%)+(AJ24*10%)+(AL24*20%)+(AN24*10%)+(AP24*20%)+(AQ24*10%)+(AS24*5%)+(AU24*5%)+(AW24*5%)+(AY24*5%) -> 0.585 | AG24: =(AE24*80%)+(AF24*20%) -> 0.717 | AH24: 1 | AI24: 0.75 | AJ24: 0.9 | AK24: 0.8 | AL24: 0.8 | AM24: 1 | AN24: 0 | AO24: 0.8 | AP24: 0.8 | AQ24: 0 | AR24: 0.8 | AS24: 0 | AT24: 1 | AU24: 1 | AV24: 0.5 | AW24: 0.5 | AX24: 0.5 | AY24: 0.5 | AZ24: 0 | BA24: 0 | BB24: 0 | BC24: 0 | BD24: 0 | BE24: 0 | BF24: 0 | BG24: 0 | BH24: 0 | BI24: 0 | BJ24: 0 | BK24: 0 | BL24: 0 | BM24: 0 | BN24: 0 | BO24: 0 | BP24: 0 | BQ24: 0
A25: 1 | B25: 24 | C25: SAN SIMÓN SOLAR | D25: SAN SIMÓN SOLAR | E25: San Simón Solar | F25: Fisterra | G25: Fotovoltaica | H25: San Quintín, Baja California | I25: 80 MW | J25: 24 MW / 85.255 MWh | K25: 80 MW + 30% BESS | L25: 3.55 | M25: 46341 | N25: 47118 | O25: 46206 | P25: 93931093 | Q25: P | R25: FEM ENERGY XIV, S. DE R.L. DE C.V. | S25: 0.3 | T25: =AA25*S25 -> 24 | U25: =T25*3 -> 72 | V25: =AB25/AA25 -> 0.3 | W25: =AA25*V25 -> 24 | X25: =W25*3 -> 72 | Y25: =P25/AA25 -> 1174138.7 | Z25: =P25/AB25 -> 3913795.6 | AA25: 80 | AB25: 24 | AC25: Baja California | AD25: San Quintín | AE25: =(AH25*10%)+(AJ25*10%)+(AK25*20%)+(AM25*10%)+(AO25*20%)+(AQ25*10%)+(AR25*5%)+(AT25*5%)+(AV25*5%)+(AX25*5%) -> 0.94 | AF25: =(AI25*10%)+(AJ25*10%)+(AL25*20%)+(AN25*10%)+(AP25*20%)+(AQ25*10%)+(AS25*5%)+(AU25*5%)+(AW25*5%)+(AY25*5%) -> 0.93 | AG25: =(AE25*80%)+(AF25*20%) -> 0.938 | AH25: 1 | AI25: 0.9 | AJ25: 0.9 | AK25: 1 | AL25: 1 | AM25: 1 | AN25: 1 | AO25: 1 | AP25: 1 | AQ25: 1 | AR25: 1 | AS25: 1 | AT25: 0.5 | AU25: 0.5 | AV25: 1 | AW25: 1 | AX25: 0.5 | AY25: 0.5 | AZ25: Liberado | BA25: 0 | BB25: Liberado | BC25: Liberado | BD25: 0 | BE25: N/A | BF25: 0 | BG25: Liberado | BH25: 0 | BI25: N/A | BJ25: Liberado | BK25: 0 | BL25: En evaluación | BM25: 0 | BN25: Liberado | BO25: 0 | BP25: En evaluación | BQ25: 0
A26: 2 | B26: 25 | C26: PROYECTO EÓLICO REGIÓN NORESTE (LA NORIA) | D26: PROYECTO EÓLICO REGIÓN NORESTE (LA NORIA) | E26: La Noria | F26: Grupo Pantera | G26: Eólica | H26: Villa Unión, Coahuila | I26: 301.5 MW | J26: 90.5 MW / 271.4 MWh | K26: 301.5 MW + 30% BESS | L26: 3 | M26: 46478 | N26: 47209 | O26: 46211 | P26: 5.1173319e+08 | Q26: NoP | R26: PANT3RA INFRAESTRUCTURA I, S.A. DE C.V. | S26: 0.3 | T26: =AA26*S26 -> 90.45 | U26: =T26*3 -> 271.35 | V26: =AB26/AA26 -> 0.30016584 | W26: =AA26*V26 -> 90.5 | X26: =W26*3 -> 271.5 | Y26: =P26/AA26 -> 1697290.8 | Z26: =P26/AB26 -> 5654510.4 | AA26: 301.5 | AB26: 90.5 | AC26: Coahuila | AD26: Villa Unión | AE26: =(AH26*10%)+(AJ26*10%)+(AK26*20%)+(AM26*10%)+(AO26*20%)+(AQ26*10%)+(AR26*5%)+(AT26*5%)+(AV26*5%)+(AX26*5%) -> 0.54 | AF26: =(AI26*10%)+(AJ26*10%)+(AL26*20%)+(AN26*10%)+(AP26*20%)+(AQ26*10%)+(AS26*5%)+(AU26*5%)+(AW26*5%)+(AY26*5%) -> 0.44 | AG26: =(AE26*80%)+(AF26*20%) -> 0.52 | AH26: 1 | AI26: 1 | AJ26: 0.5 | AK26: 0.5 | AL26: 0 | AM26: 0 | AN26: 0 | AO26: 0.7 | AP26: 0.7 | AQ26: 1 | AR26: 0.5 | AS26: 0.5 | AT26: 0.5 | AU26: 0.5 | AV26: 0 | AW26: 0 | AX26: 0 | AY26: 0 | AZ26: 0 | BA26: 0 | BB26: 0 | BC26: 0 | BD26: 0 | BE26: 0 | BF26: 0 | BG26: 0 | BH26: 0 | BI26: 0 | BJ26: 0 | BK26: 0 | BL26: 0 | BM26: 0 | BN26: 0 | BO26: 0 | BP26: 0 | BQ26: 0
A27: 3 | B27: 26 | C27: SOLITARIO | D27: SOLITARIO | E27: Solitario | F27: Grupo Pantera | G27: Fotovoltaica | H27: San Luis Río Colorado, Sonora | I27: 200 MW | J27: 65 MW / 217 MWh | K27: 200 MW + 32.5% BESS | L27: 3 | M27: 46388 | N27: 47025 | O27: 46211 | P27: 2.6842916e+08 | Q27: NoP | R27: PANT3RA INFRAESTRUCTURA I, S.A. DE C.V. | S27: 0.3 | T27: =AA27*S27 -> 60 | U27: =T27*3 -> 180 | V27: =AB27/AA27 -> 0.325 | W27: =AA27*V27 -> 65 | X27: =W27*3 -> 195 | Y27: =P27/AA27 -> 1342145.8 | Z27: =P27/AB27 -> 4129679.3 | AA27: 200 | AB27: 65 | AC27: Sonora | AD27: San Luis Río Colorado | AE27: =(AH27*10%)+(AJ27*10%)+(AK27*20%)+(AM27*10%)+(AO27*20%)+(AQ27*10%)+(AR27*5%)+(AT27*5%)+(AV27*5%)+(AX27*5%) -> 0.68 | AF27: =(AI27*10%)+(AJ27*10%)+(AL27*20%)+(AN27*10%)+(AP27*20%)+(AQ27*10%)+(AS27*5%)+(AU27*5%)+(AW27*5%)+(AY27*5%) -> 0.515 | AG27: =(AE27*80%)+(AF27*20%) -> 0.647 | AH27: 1 | AI27: 0.5 | AJ27: 1 | AK27: 0.7 | AL27: 0.5 | AM27: 0 | AN27: 0 | AO27: 0.7 | AP27: 0.7 | AQ27: 1 | AR27: 1 | AS27: 0 | AT27: 0 | AU27: 0 | AV27: 0.5 | AW27: 0 | AX27: 0.5 | AY27: 0.5 | AZ27: 0 | BA27: 0 | BB27: 0 | BC27: 0 | BD27: 0 | BE27: 0 | BF27: 0 | BG27: 0 | BH27: 0 | BI27: 0 | BJ27: 0 | BK27: 0 | BL27: 0 | BM27: 0 | BN27: 0 | BO27: 0 | BP27: 0 | BQ27: 0
A28: 4 | B28: 27 | C28: ÁLVARO OBREGÓN | D28: ÁLVARO OBREGÓN | E28: Álvaro Obregón | F28: Grupo ZML | G28: Fotovoltaica | H28: La Paz, Baja California Sur | I28: 90 MW | J28: 90 MW / 360 MWh | K28: 90 MW + 100% BESS | L28: 4 | M28: 46507 | N28: 47054 | O28: 46216 | P28: 152328187 | Q28: P | R28: ZML PROMOTORES ENERGÉTICOS MX, S.A.P.I. DE C.V. | S28: 0.3 | T28: =AA28*S28 -> 27 | U28: =T28*3 -> 81 | V28: =AB28/AA28 -> 1 | W28: =AA28*V28 -> 90 | X28: =W28*3 -> 270 | Y28: =P28/AA28 -> 1692535.4 | Z28: =P28/AB28 -> 1692535.4 | AA28: 90 | AB28: 90 | AC28: Baja California Sur | AD28: La Paz | AE28: =(AH28*10%)+(AJ28*10%)+(AK28*20%)+(AM28*10%)+(AO28*20%)+(AQ28*10%)+(AR28*5%)+(AT28*5%)+(AV28*5%)+(AX28*5%) -> 0.825 | AF28: =(AI28*10%)+(AJ28*10%)+(AL28*20%)+(AN28*10%)+(AP28*20%)+(AQ28*10%)+(AS28*5%)+(AU28*5%)+(AW28*5%)+(AY28*5%) -> 0.805 | AG28: =(AE28*80%)+(AF28*20%) -> 0.821 | AH28: 1 | AI28: 0.8 | AJ28: 0.9 | AK28: 0.8 | AL28: 0.8 | AM28: 0.5 | AN28: 0.5 | AO28: 0.8 | AP28: 0.8 | AQ28: 1 | AR28: 0.5 | AS28: 0.5 | AT28: 1 | AU28: 1 | AV28: 0.8 | AW28: 0.8 | AX28: 1 | AY28: 1 | AZ28: Liberado | BA28: 0 | BB28: Liberado | BC28: En evaluación | BD28: 0 | BE28: En elaboración | BF28: 0 | BG28: En actualización | BH28: 0 | BI28: N/A | BJ28: En evaluación | BK28: 0 | BL28: Liberado | BM28: 0 | BN28: En evaluación | BO28: 0 | BP28: Liberado | BQ28: 0
A29: 35 | B29: 28 | C29: CFV LAS GARZAS | D29: CFV LAS GARZAS | E29: CFV Las Garzas (**) | F29: MIP Freeman Energy | G29: Fotovoltaica | H29: Lerdo, Durango | I29: 270 MW | J29: 81 MW / 243 MWh (POR CONFIRMAR | K29: 270 MW + 30% BESS | L29: 3.00 (POR CONFIRMAR) | M29: 46477 | N29: 47302 | O29: SIN DATO | P29: SIN DATO | Q29: NoP | R29: SIN DATO | S29: 0.3 | T29: =AA29*S29 -> 81 | U29: =T29*3 -> 243 | V29: =AB29/AA29 -> 0.3 | W29: =AA29*V29 -> 81 | X29: =W29*3 -> 243 | Y29: =P29/AA29 -> #VALUE! | Z29: =P29/AB29 -> #VALUE! | AA29: 270 | AB29: 81 | AC29: Durango | AD29: Lerdo | AE29: =(AH29*10%)+(AJ29*10%)+(AK29*20%)+(AM29*10%)+(AO29*20%)+(AQ29*10%)+(AR29*5%)+(AT29*5%)+(AV29*5%)+(AX29*5%) -> 0.44 | AF29: =(AI29*10%)+(AJ29*10%)+(AL29*20%)+(AN29*10%)+(AP29*20%)+(AQ29*10%)+(AS29*5%)+(AU29*5%)+(AW29*5%)+(AY29*5%) -> 0.255 | AG29: =(AE29*80%)+(AF29*20%) -> 0.403 | AH29: 0.5 | AI29: 0.3 | AJ29: 1 | AK29: 0.7 | AL29: 0 | AM29: 0 | AN29: 0 | AO29: 0 | AP29: 0 | AQ29: 1 | AR29: 0 | AS29: 0 | AT29: 0.5 | AU29: 0.5 | AV29: 0.5 | AW29: 0 | AX29: 0 | AY29: 0 | AZ29: 0 | BA29: 0 | BB29: 0 | BC29: 0 | BD29: 0 | BE29: 0 | BF29: 0 | BG29: 0 | BH29: 0 | BI29: 0 | BJ29: 0 | BK29: 0 | BL29: 0 | BM29: 0 | BN29: 0 | BO29: 0 | BP29: 0 | BQ29: 0
A30: 10 | B30: 29 | C30: DON HUMBERTO | D30: DON HUMBERTO | E30: Don Humberto | F30: Polaris | G30: Fotovoltaica | H30: Culiacán, Sinaloa | I30: 19.2 MW | J30: 6.1 MW / 18.9 MWh | K30: 19.2 MW + 30% BESS | L30: 3.016 | M30: 46327 | N30: 46844 | O30: 46206 | P30: 18768631 | Q30: P | R30: NEBULA INNOVATIONS 1939, S. DE R.L. DE C.V. | S30: 0.3 | T30: =AA30*S30 -> 5.76 | U30: =T30*3 -> 17.28 | V30: =AB30/AA30 -> 0.31770833 | W30: =AA30*V30 -> 6.1 | X30: =W30*3 -> 18.3 | Y30: =P30/AA30 -> 977532.88 | Z30: =P30/AB30 -> 3076824.8 | AA30: 19.2 | AB30: 6.1 | AC30: Sinaloa | AD30: Culiacán | AE30: =(AH30*10%)+(AJ30*10%)+(AK30*20%)+(AM30*10%)+(AO30*20%)+(AQ30*10%)+(AR30*5%)+(AT30*5%)+(AV30*5%)+(AX30*5%) -> 0.86 | AF30: =(AI30*10%)+(AJ30*10%)+(AL30*20%)+(AN30*10%)+(AP30*20%)+(AQ30*10%)+(AS30*5%)+(AU30*5%)+(AW30*5%)+(AY30*5%) -> 0.77 | AG30: =(AE30*80%)+(AF30*20%) -> 0.842 | AH30: 0.9 | AI30: 0 | AJ30: 1 | AK30: 0.8 | AL30: 0.8 | AM30: 1 | AN30: 1 | AO30: 1 | AP30: 1 | AQ30: 1 | AR30: 0.7 | AS30: 0.7 | AT30: 1 | AU30: 1 | AV30: 0 | AW30: 0 | AX30: 0.5 | AY30: 0.5 | AZ30: En actualización | BA30: 0 | BB30: Liberado | BC30: En evaluación | BD30: 0 | BE30: N/A | BF30: 0 | BG30: Liberado | BH30: 0 | BI30: N/A | BJ30: En actualización | BK30: 0 | BL30: Liberado | BM30: 0 | BN30: En elaboración | BO30: 0 | BP30: En evaluación | BQ30: 0
A31: 9 | B31: 30 | C31: LOS GIRASOLES | D31: LOS GIRASOLES | E31: Los Girasoles | F31: Polaris | G31: Fotovoltaica | H31: José María Morelos, Quintana Roo | I31: 110 MW | J31: 33 MW / 101.5 MWh | K31: 110 MW + 30% BESS | L31: 3.08 | M31: 46447 | N31: 47085 | O31: 46206 | P31: 119934283 | Q31: NoP | R31: NEBULA INNOVATIONS 1939, S. DE R.L. DE C.V. | S31: 0.3 | T31: =AA31*S31 -> 33 | U31: =T31*3 -> 99 | V31: =AB31/AA31 -> 0.3 | W31: =AA31*V31 -> 33 | X31: =W31*3 -> 99 | Y31: =P31/AA31 -> 1090311.7 | Z31: =P31/AB31 -> 3634372.2 | AA31: 110 | AB31: 33 | AC31: Quintana Roo | AD31: José María Morelos | AE31: =(AH31*10%)+(AJ31*10%)+(AK31*20%)+(AM31*10%)+(AO31*20%)+(AQ31*10%)+(AR31*5%)+(AT31*5%)+(AV31*5%)+(AX31*5%) -> 0.64 | AF31: =(AI31*10%)+(AJ31*10%)+(AL31*20%)+(AN31*10%)+(AP31*20%)+(AQ31*10%)+(AS31*5%)+(AU31*5%)+(AW31*5%)+(AY31*5%) -> 0.64 | AG31: =(AE31*80%)+(AF31*20%) -> 0.64 | AH31: 1 | AI31: 1 | AJ31: 1 | AK31: 0.9 | AL31: 0.9 | AM31: 0 | AN31: 0 | AO31: 0.8 | AP31: 0.8 | AQ31: 0 | AR31: 0 | AS31: 0 | AT31: 1 | AU31: 1 | AV31: 0 | AW31: 0 | AX31: 1 | AY31: 1 | AZ31: 0 | BA31: 0 | BB31: 0 | BC31: 0 | BD31: 0 | BE31: 0 | BF31: 0 | BG31: 0 | BH31: 0 | BI31: 0 | BJ31: 0 | BK31: 0 | BL31: 0 | BM31: 0 | BN31: 0 | BO31: 0 | BP31: 0 | BQ31: 0
A32: 8 | B32: 31 | C32: SOLAR ENERGÍA TRES HERMANOS | D32: SOLAR ENERGÍA TRES HERMANOS | E32: Tres Hermanos | F32: Polaris | G32: Fotovoltaica | H32: Huamantla / Xaloztoc, Tlaxcala | I32: 75 MW | J32: 22.5 MW / 71.6 MWh | K32: 75 MW + 30% BESS | L32: 3.18 | M32: 46447 | N32: 47088 | O32: 46206 | P32: 78344588 | Q32: NoP | R32: NEBULA INNOVATIONS 1939, S. DE R.L. DE C.V. | S32: 0.3 | T32: =AA32*S32 -> 22.5 | U32: =T32*3 -> 67.5 | V32: =AB32/AA32 -> 0.3 | W32: =AA32*V32 -> 22.5 | X32: =W32*3 -> 67.5 | Y32: =P32/AA32 -> 1044594.5 | Z32: =P32/AB32 -> 3481981.7 | AA32: 75 | AB32: 22.5 | AC32: Tlaxcala | AD32: Huamantla / Xaloztoc | AE32: =(AH32*10%)+(AJ32*10%)+(AK32*20%)+(AM32*10%)+(AO32*20%)+(AQ32*10%)+(AR32*5%)+(AT32*5%)+(AV32*5%)+(AX32*5%) -> 0.655 | AF32: =(AI32*10%)+(AJ32*10%)+(AL32*20%)+(AN32*10%)+(AP32*20%)+(AQ32*10%)+(AS32*5%)+(AU32*5%)+(AW32*5%)+(AY32*5%) -> 0.43 | AG32: =(AE32*80%)+(AF32*20%) -> 0.61 | AH32: 1 | AI32: 0 | AJ32: 1 | AK32: 0.7 | AL32: 0.7 | AM32: 1 | AN32: 0 | AO32: 0.7 | AP32: 0.7 | AQ32: 0 | AR32: 0.5 | AS32: 0 | AT32: 1 | AU32: 1 | AV32: 0 | AW32: 0 | AX32: 0 | AY32: 0 | AZ32: 0 | BA32: 0 | BB32: 0 | BC32: 0 | BD32: 0 | BE32: 0 | BF32: 0 | BG32: 0 | BH32: 0 | BI32: 0 | BJ32: 0 | BK32: 0 | BL32: 0 | BM32: 0 | BN32: 0 | BO32: 0 | BP32: 0 | BQ32: 0
A33: 30 | B33: 32 | C33: SELKA POWER PLANT I | D33: SELKA POWER PLANT I | E33: Selka Power Plant 1 | F33: Selka Power | G33: Fotovoltaica | H33: Romita, Guanajuato | I33: 141.4 MW | J33: 42.42 MW / 127.26 MWh | K33: 141.4 MW + 30% BESS | L33: 3 | M33: 46357 | N33: 46905 | O33: 46206 | P33: 1.4707358e+08 | Q33: P | R33: SELKA KAPITAL, S.A.P.I. DE C.V. & ENERCLIMA, S. DE R.L. DE C.V. | S33: 0.3 | T33: =AA33*S33 -> 42.42 | U33: =T33*3 -> 127.26 | V33: =AB33/AA33 -> 0.3 | W33: =AA33*V33 -> 42.42 | X33: =W33*3 -> 127.26 | Y33: =P33/AA33 -> 1040124.3 | Z33: =P33/AB33 -> 3467081.1 | AA33: 141.4 | AB33: 42.42 | AC33: Guanajuato | AD33: Romita | AE33: =(AH33*10%)+(AJ33*10%)+(AK33*20%)+(AM33*10%)+(AO33*20%)+(AQ33*10%)+(AR33*5%)+(AT33*5%)+(AV33*5%)+(AX33*5%) -> 0.865 | AF33: =(AI33*10%)+(AJ33*10%)+(AL33*20%)+(AN33*10%)+(AP33*20%)+(AQ33*10%)+(AS33*5%)+(AU33*5%)+(AW33*5%)+(AY33*5%) -> 0.37 | AG33: =(AE33*80%)+(AF33*20%) -> 0.766 | AH33: 0.9 | AI33: 0 | AJ33: 0.9 | AK33: 0.9 | AL33: 0.9 | AM33: 1 | AN33: 0 | AO33: 0.9 | AP33: 0 | AQ33: 1 | AR33: 1 | AS33: 0 | AT33: 1 | AU33: 0 | AV33: 0.5 | AW33: 0 | AX33: 0 | AY33: 0 | AZ33: En actualización | BA33: 0 | BB33: Liberado | BC33: En evaluación | BD33: 0 | BE33: N/A | BF33: 0 | BG33: En evaluación | BH33: 0 | BI33: N/A | BJ33: Liberado | BK33: 0 | BL33: Liberado | BM33: 0 | BN33: En evaluación | BO33: 0 | BP33: En elaboración | BQ33: 0
A34: 13 | B34: 33 | C34: CENTRAL FOTOVOLTAICA QUASARA | D34: CENTRAL FOTOVOLTAICA QUASARA | E34: CFV Quasara | F34: SuKarne | G34: Fotovoltaica | H34: Mexicali, Baja California | I34: 150 MW | J34: 45 MW / 135 MWh | K34: 150 MW + 30% BESS | L34: 3 | M34: 46447 | N34: 47119 | O34: 46206 | P34: 1.653523e+08 | Q34: NoP | R34: ENERGÍA FAMILIAR S.A. DE C.V. | S34: 0.3 | T34: =AA34*S34 -> 45 | U34: =T34*3 -> 135 | V34: =AB34/AA34 -> 0.3 | W34: =AA34*V34 -> 45 | X34: =W34*3 -> 135 | Y34: =P34/AA34 -> 1102348.7 | Z34: =P34/AB34 -> 3674495.5 | AA34: 150 | AB34: 45 | AC34: Baja California | AD34: Mexicali | AE34: =(AH34*10%)+(AJ34*10%)+(AK34*20%)+(AM34*10%)+(AO34*20%)+(AQ34*10%)+(AR34*5%)+(AT34*5%)+(AV34*5%)+(AX34*5%) -> 0.355 | AF34: =(AI34*10%)+(AJ34*10%)+(AL34*20%)+(AN34*10%)+(AP34*20%)+(AQ34*10%)+(AS34*5%)+(AU34*5%)+(AW34*5%)+(AY34*5%) -> 0.35 | AG34: =(AE34*80%)+(AF34*20%) -> 0.354 | AH34: 0.8 | AI34: 0 | AJ34: 1 | AK34: 0 | AL34: 0 | AM34: 0 | AN34: 1 | AO34: 0 | AP34: 0 | AQ34: 1 | AR34: 0.5 | AS34: 0 | AT34: 0.5 | AU34: 0.5 | AV34: 0.5 | AW34: 0.5 | AX34: 0 | AY34: 0 | AZ34: 0 | BA34: 0 | BB34: 0 | BC34: 0 | BD34: 0 | BE34: 0 | BF34: 0 | BG34: 0 | BH34: 0 | BI34: 0 | BJ34: 0 | BK34: 0 | BL34: 0 | BM34: 0 | BN34: 0 | BO34: 0 | BP34: 0 | BQ34: 0
A35: 39 | B35: 34 | C35: SIERRA MADRE [EL CHORRO] (2DA RONDA) | D35: SIERRA MADRE [EL CHORRO] (2DA RONDA) | E35: Sierra Madre (El Chorro) (*) | F35: Enhol & GEMEX [Terralia] | G35: Eólica | H35: Villa de Casas y Güemes, Tamaulipas | I35: 580 MW (POR CONFIRMAR) | J35: 174 MW / 522 MWh (POR CONFIRMAR) | K35: 580 MW + 30% BESS | L35: 3.00 (POR CONFIRMAR) | M35: SIN DATO | N35: SIN DATO | O35: SIN DATO | P35: SIN DATO | Q35: NoP | R35: SIN DATO | S35: 0.3 | T35: =AA35*S35 -> 174 | U35: =T35*3 -> 522 | V35: =AB35/AA35 -> 0.3 | W35: =AA35*V35 -> 174 | X35: =W35*3 -> 522 | Y35: =P35/AA35 -> #VALUE! | Z35: =P35/AB35 -> #VALUE! | AA35: 580 | AB35: 174 | AC35: Tamaulipas | AD35: Villa de Casas y Güemes | AE35: =(AH35*10%)+(AJ35*10%)+(AK35*20%)+(AM35*10%)+(AO35*20%)+(AQ35*10%)+(AR35*5%)+(AT35*5%)+(AV35*5%)+(AX35*5%) -> 0.03 | AF35: =(AI35*10%)+(AJ35*10%)+(AL35*20%)+(AN35*10%)+(AP35*20%)+(AQ35*10%)+(AS35*5%)+(AU35*5%)+(AW35*5%)+(AY35*5%) -> 0 | AG35: =(AE35*80%)+(AF35*20%) -> 0.024 | AH35: 0.3 | AI35: 0 | AJ35: 0 | AK35: 0 | AL35: 0 | AM35: 0 | AN35: 0 | AO35: 0 | AP35: 0 | AQ35: 0 | AR35: 0 | AS35: 0 | AT35: 0 | AU35: 0 | AV35: 0 | AW35: 0 | AX35: 0 | AY35: 0 | AZ35: 0 | BA35: 0 | BB35: 0 | BC35: 0 | BD35: 0 | BE35: 0 | BF35: 0 | BG35: 0 | BH35: 0 | BI35: 0 | BJ35: 0 | BK35: 0 | BL35: 0 | BM35: 0 | BN35: 0 | BO35: 0 | BP35: 0 | BQ35: 0
A36: 40 | B36: 35 | C36: DELARO (2DA RONDA) | D36: DELARO (2DA RONDA) | E36: Delaro (*) | F36: Thermion | G36: Eólica | H36: Reynosa, Tamaulipas | I36: 117 MW (POR CONFIRMAR) | J36: 35.1 MW / 105.3 MWh (POR CONFIRMAR) | K36: 117 MW + 30% BESS | L36: 3.00 (POR CONFIRMAR) | M36: SIN DATO | N36: SIN DATO | O36: SIN DATO | P36: SIN DATO | Q36: NoP | R36: SIN DATO | S36: 0.3 | T36: =AA36*S36 -> 35.1 | U36: =T36*3 -> 105.3 | V36: =AB36/AA36 -> 0.3 | W36: =AA36*V36 -> 35.1 | X36: =W36*3 -> 105.3 | Y36: =P36/AA36 -> #VALUE! | Z36: =P36/AB36 -> #VALUE! | AA36: 117 | AB36: 35.1 | AC36: Tamaulipas | AD36: Reynosa | AE36: =(AH36*10%)+(AJ36*10%)+(AK36*20%)+(AM36*10%)+(AO36*20%)+(AQ36*10%)+(AR36*5%)+(AT36*5%)+(AV36*5%)+(AX36*5%) -> 0.83 | AF36: =(AI36*10%)+(AJ36*10%)+(AL36*20%)+(AN36*10%)+(AP36*20%)+(AQ36*10%)+(AS36*5%)+(AU36*5%)+(AW36*5%)+(AY36*5%) -> 0.83 | AG36: =(AE36*80%)+(AF36*20%) -> 0.83 | AH36: 1 | AI36: 1 | AJ36: 1 | AK36: 0.9 | AL36: 0.9 | AM36: 1 | AN36: 1 | AO36: 0.8 | AP36: 0.8 | AQ36: 1 | AR36: 0.8 | AS36: 0.8 | AT36: 0.5 | AU36: 0.5 | AV36: 0.5 | AW36: 0.5 | AX36: 0 | AY36: 0 | AZ36: Liberado | BA36: 0 | BB36: En actualización | BC36: En elaboración | BD36: 0 | BE36: N/A | BF36: 0 | BG36: En actualización | BH36: 0 | BI36: N/A | BJ36: En actualización | BK36: 0 | BL36: En evaluación | BM36: 0 | BN36: En evaluación | BO36: 0 | BP36: En elaboración | BQ36: 0
A37: 7 | B37: 36 | C37: EL GUAJILLO | D37: EL GUAJILLO | E37: El Guajillo | F37: Thermion | G37: Eólica | H37: Reynosa, Tamaulipas | I37: 468 MW | J37: 140.4 MW / 421.2 MWh | K37: 468 MW + 30% BESS | L37: 3 | M37: 46376 | N37: 47088 | O37: 46216 | P37: 764221135 | Q37: NoP | R37: THERMION ENERGY, S.A. DE C.V. | S37: 0.3 | T37: =AA37*S37 -> 140.4 | U37: =T37*3 -> 421.2 | V37: =AB37/AA37 -> 0.3 | W37: =AA37*V37 -> 140.4 | X37: =W37*3 -> 421.2 | Y37: =P37/AA37 -> 1632951.1 | Z37: =P37/AB37 -> 5443170.5 | AA37: 468 | AB37: 140.4 | AC37: Tamaulipas | AD37: Reynosa | AE37: =(AH37*10%)+(AJ37*10%)+(AK37*20%)+(AM37*10%)+(AO37*20%)+(AQ37*10%)+(AR37*5%)+(AT37*5%)+(AV37*5%)+(AX37*5%) -> 0.335 | AF37: =(AI37*10%)+(AJ37*10%)+(AL37*20%)+(AN37*10%)+(AP37*20%)+(AQ37*10%)+(AS37*5%)+(AU37*5%)+(AW37*5%)+(AY37*5%) -> 0.25 | AG37: =(AE37*80%)+(AF37*20%) -> 0.318 | AH37: 0.6 | AI37: 0.5 | AJ37: 1 | AK37: 0 | AL37: 0 | AM37: 0 | AN37: 0 | AO37: 0 | AP37: 0 | AQ37: 1 | AR37: 0.5 | AS37: 0 | AT37: 0.5 | AU37: 0 | AV37: 0.5 | AW37: 0 | AX37: 0 | AY37: 0 | AZ37: 0 | BA37: 0 | BB37: 0 | BC37: 0 | BD37: 0 | BE37: 0 | BF37: 0 | BG37: 0 | BH37: 0 | BI37: 0 | BJ37: 0 | BK37: 0 | BL37: 0 | BM37: 0 | BN37: 0 | BO37: 0 | BP37: 0 | BQ37: 0
A38: 26 | B38: 37 | C38: ENERGEO LOS MOLINOS | D38: ENERGEO LOS MOLINOS | E38: Los Molinos | F38: Thermion | G38: Eólica | H38: Matamoros, Tamaulipas | I38: 171 MW | J38: 51.3 MW / 153.9 MWh | K38: 171 MW + 30% BESS | L38: 3 | M38: 46371 | N38: 47088 | O38: 46216 | P38: 318435063 | Q38: P | R38: ADMINISTRADORA THERMION, S.A. DE C.V. | S38: 0.3 | T38: =AA38*S38 -> 51.3 | U38: =T38*3 -> 153.9 | V38: =AB38/AA38 -> 0.3 | W38: =AA38*V38 -> 51.3 | X38: =W38*3 -> 153.9 | Y38: =P38/AA38 -> 1862193.4 | Z38: =P38/AB38 -> 6207311.2 | AA38: 171 | AB38: 51.3 | AC38: Tamaulipas | AD38: Matamoros | AE38: =(AH38*10%)+(AJ38*10%)+(AK38*20%)+(AM38*10%)+(AO38*20%)+(AQ38*10%)+(AR38*5%)+(AT38*5%)+(AV38*5%)+(AX38*5%) -> 0.855 | AF38: =(AI38*10%)+(AJ38*10%)+(AL38*20%)+(AN38*10%)+(AP38*20%)+(AQ38*10%)+(AS38*5%)+(AU38*5%)+(AW38*5%)+(AY38*5%) -> 0.855 | AG38: =(AE38*80%)+(AF38*20%) -> 0.855 | AH38: 1 | AI38: 1 | AJ38: 0.9 | AK38: 0.9 | AL38: 0.9 | AM38: 0.8 | AN38: 0.8 | AO38: 0.8 | AP38: 0.8 | AQ38: 1 | AR38: 0.9 | AS38: 0.9 | AT38: 1 | AU38: 1 | AV38: 0.5 | AW38: 0.5 | AX38: 0.5 | AY38: 0.5 | AZ38: Liberado | BA38: 0 | BB38: En actualización | BC38: En actualización | BD38: 0 | BE38: En evaluación | BF38: 0 | BG38: En elaboración | BH38: 0 | BI38: N/A | BJ38: En evaluación | BK38: 0 | BL38: Liberado | BM38: 0 | BN38: En evaluación | BO38: 0 | BP38: En evaluación | BQ38: 0
A39: 27 | B39: 38 | C39: MONTECRISTO | D39: MONTECRISTO | E39: Montecristo | F39: Thermion | G39: Eólica | H39: Méndez, Tamaulipas | I39: 510 MW | J39: 153 MW / 459 MWh | K39: 510 MW + 30% BESS | L39: 3 | M39: 46376 | N39: 47088 | O39: 46216 | P39: 8.8988983e+08 | Q39: NoP | R39: ADMINISTRADORA THERMION, S.A. DE C.V. | S39: 0.3 | T39: =AA39*S39 -> 153 | U39: =T39*3 -> 459 | V39: =AB39/AA39 -> 0.3 | W39: =AA39*V39 -> 153 | X39: =W39*3 -> 459 | Y39: =P39/AA39 -> 1744882 | Z39: =P39/AB39 -> 5816273.4 | AA39: 510 | AB39: 153 | AC39: Tamaulipas | AD39: Méndez | AE39: =(AH39*10%)+(AJ39*10%)+(AK39*20%)+(AM39*10%)+(AO39*20%)+(AQ39*10%)+(AR39*5%)+(AT39*5%)+(AV39*5%)+(AX39*5%) -> 0.44 | AF39: =(AI39*10%)+(AJ39*10%)+(AL39*20%)+(AN39*10%)+(AP39*20%)+(AQ39*10%)+(AS39*5%)+(AU39*5%)+(AW39*5%)+(AY39*5%) -> 0.25 | AG39: =(AE39*80%)+(AF39*20%) -> 0.402 | AH39: 0.9 | AI39: 0.5 | AJ39: 1 | AK39: 0.5 | AL39: 0 | AM39: 0 | AN39: 0 | AO39: 0 | AP39: 0 | AQ39: 1 | AR39: 0.5 | AS39: 0 | AT39: 0.5 | AU39: 0 | AV39: 0 | AW39: 0 | AX39: 0 | AY39: 0 | AZ39: 0 | BA39: 0 | BB39: 0 | BC39: 0 | BD39: 0 | BE39: 0 | BF39: 0 | BG39: 0 | BH39: 0 | BI39: 0 | BJ39: 0 | BK39: 0 | BL39: 0 | BM39: 0 | BN39: 0 | BO39: 0 | BP39: 0 | BQ39: 0
A40: 6 | B40: 39 | C40: SANTA GERTRUDIS | D40: SANTA GERTRUDIS | E40: Santa Gertrudis | F40: Thermion | G40: Eólica | H40: Méndez, Tamaulipas | I40: 503 MW | J40: 151 MW / 453 MWh | K40: 503 MW + 30% BESS | L40: 3 | M40: 46376 | N40: 47088 | O40: 46216 | P40: 8.0032371e+08 | Q40: NoP | R40: THERMION ENERGY, S.A. DE C.V. | S40: 0.3 | T40: =AA40*S40 -> 150.9 | U40: =T40*3 -> 452.7 | V40: =AB40/AA40 -> 0.30019881 | W40: =AA40*V40 -> 151 | X40: =W40*3 -> 453 | Y40: =P40/AA40 -> 1591100.8 | Z40: =P40/AB40 -> 5300157 | AA40: 503 | AB40: 151 | AC40: Tamaulipas | AD40: Méndez | AE40: =(AH40*10%)+(AJ40*10%)+(AK40*20%)+(AM40*10%)+(AO40*20%)+(AQ40*10%)+(AR40*5%)+(AT40*5%)+(AV40*5%)+(AX40*5%) -> 0.555 | AF40: =(AI40*10%)+(AJ40*10%)+(AL40*20%)+(AN40*10%)+(AP40*20%)+(AQ40*10%)+(AS40*5%)+(AU40*5%)+(AW40*5%)+(AY40*5%) -> 0.275 | AG40: =(AE40*80%)+(AF40*20%) -> 0.499 | AH40: 0.8 | AI40: 0.5 | AJ40: 1 | AK40: 0.5 | AL40: 0 | AM40: 0 | AN40: 0 | AO40: 0.5 | AP40: 0 | AQ40: 1 | AR40: 0.5 | AS40: 0 | AT40: 0.5 | AU40: 0 | AV40: 0.5 | AW40: 0.5 | AX40: 0 | AY40: 0 | AZ40: 0 | BA40: 0 | BB40: 0 | BC40: 0 | BD40: 0 | BE40: 0 | BF40: 0 | BG40: 0 | BH40: 0 | BI40: 0 | BJ40: 0 | BK40: 0 | BL40: 0 | BM40: 0 | BN40: 0 | BO40: 0 | BP40: 0 | BQ40: 0
A41: 28 | B41: 40 | C41: SOL DE SONORA - 70 | D41: SOL DE SONORA - 70 | E41: Sol de Sonora 70 | F41: Thermion | G41: Fotovoltaica | H41: Hermosillo, Sonora | I41: 70 MW | J41: 22 MW / 66 MWh | K41: 70 MW + 31.43% BESS | L41: 3 | M41: 46357 | N41: 46844 | O41: 46216 | P41: 66887790 | Q41: P | R41: ADMINISTRADORA THERMION, S.A. DE C.V. | S41: 0.3 | T41: =AA41*S41 -> 21 | U41: =T41*3 -> 63 | V41: =AB41/AA41 -> 0.31428571 | W41: =AA41*V41 -> 22 | X41: =W41*3 -> 66 | Y41: =P41/AA41 -> 955539.86 | Z41: =P41/AB41 -> 3040354.1 | AA41: 70 | AB41: 22 | AC41: Sonora | AD41: Hermosillo | AE41: =(AH41*10%)+(AJ41*10%)+(AK41*20%)+(AM41*10%)+(AO41*20%)+(AQ41*10%)+(AR41*5%)+(AT41*5%)+(AV41*5%)+(AX41*5%) -> 0.82 | AF41: =(AI41*10%)+(AJ41*10%)+(AL41*20%)+(AN41*10%)+(AP41*20%)+(AQ41*10%)+(AS41*5%)+(AU41*5%)+(AW41*5%)+(AY41*5%) -> 0.82 | AG41: =(AE41*80%)+(AF41*20%) -> 0.82 | AH41: 1 | AI41: 1 | AJ41: 1 | AK41: 0.8 | AL41: 0.8 | AM41: 0.8 | AN41: 0.8 | AO41: 0.8 | AP41: 0.8 | AQ41: 1 | AR41: 0.9 | AS41: 0.9 | AT41: 0.5 | AU41: 0.5 | AV41: 0.5 | AW41: 0.5 | AX41: 0.5 | AY41: 0.5 | AZ41: Liberado | BA41: 0 | BB41: Liberado | BC41: En actualización | BD41: 0 | BE41: En elaboración | BF41: 0 | BG41: En actualización | BH41: 0 | BI41: N/A | BJ41: En actualización | BK41: 0 | BL41: En evaluación | BM41: 0 | BN41: En evaluación | BO41: 0 | BP41: En evaluación | BQ41: 0
O43: TOTAL GLOBAL | P43: =SUM(P2:P35) -> 5.2411514e+09 | R43: 32 PROYECTOS
O44: TOTAL (FV) | P44: =SUM(P2,P4,P5,P6,P9,P10,P11,P12,P13,P14,P15,P16,P17,P18,P20,P21,P22,P23,P24,P25,P26,P29,P30,P31,P33,P35) -> 4.3257612e+09 | R44: 26 PROYECTOS
O45: TOTAL (EO) | P45: =SUM(P3,P7,P8,P19,P27,P28) -> 6.7169331e+08 | R45: 6 PROYECTOS
O47: PROMEDIO TOTAL | P47: =AVERAGE(P2:P35) -> 1.9411672e+08
O48: PROMEDIO (FV) | P48: =AVERAGE(P2,P4,P5,P6,P9,P10,P11,P12,P13,P14,P15,P16,P17,P18,P20,P21,P22,P23,P24,P25,P26,P29,P30,P31,P33,P35) -> 2.1628806e+08
O49: PROMEDIO(EO) | P49: =AVERAGE(P3,P7,P8,P19,P27,P28) -> 1.3433866e+08
O51: PROMEDIO TOTAL (CAPEX/MW) | P51: =AVERAGE(Y2:Y35) -> #VALUE!
O52: PROMEDIO (FV) (CAPEX/MW) | P52: =AVERAGE(Y2,Y4,Y5,Y6,Y9,Y10,Y11,Y12,Y13,Y14,Y15,Y16,Y17,Y18,Y20,Y21,Y22,Y23,Y24,Y25,Y26,Y29,Y30,Y31,Y33,Y35) -> #VALUE!
O53: PROMEDIO(EO) (CAPEX/MW) | P53: =AVERAGE(Y3,Y7,Y8,Y19,Y27,Y28) -> #VALUE!
